Rang Net;Rank;Nation;G;Rang Net;Rang;AK;Rang Net;Rang;Zeit;Zeit Netto;StNr
1;1;ET;M;1;1;M35;1;1;02:10:11;02:10:11;4
2;2;KE;M;2;2;M30;1;1;02:10:40;02:10:40;14
3;3;KE;M;3;3;M35;2;2;02:11:18;02:11:18;5
4;4;KE;M;4;4;M30;2;2;02:11:33;02:11:33;15
5;5;KE;M;5;5;M40;1;1;02:12:42;02:12:42;9
6;6;KE;M;6;6;M;1;1;02:13:29;02:13:29;6
7;7;KE;M;7;7;M;2;2;02:17:09;02:17:09;3
8;8;DE;M;8;8;M35;3;3;02:25:27;02:25:27;1917
9;9;DE;M;9;9;M40;2;2;02:25:42;02:25:42;2054
10;10;DE;M;10;10;M30;3;3;02:25:48;02:25:48;2037
11;11;KE;F;1;1;W30;1;1;02:27:39;02:27:39;86
12;12;KE;F;2;2;W30;2;2;02:28:53;02:28:53;88
13;13;DE;M;11;11;M30;4;4;02:29:05;02:29:04;525
14;14;KE;F;3;3;W;1;1;02:29:18;02:29:18;81
15;15;KE;F;4;4;W;2;2;02:30:19;02:30:19;85
16;16;KE;F;5;5;W;3;3;02:32:10;02:32:10;80
17;17;MN;M;12;12;M40;3;3;02:34:36;02:34:35;1
18;18;ET;F;6;6;W30;3;3;02:37:21;02:37:21;89
19;19;DE;M;13;13;M;3;3;02:43:39;02:43:36;987
20;20;NL;M;14;14;M30;5;5;02:44:39;02:44:39;905
21;21;KE;F;7;7;W30;4;4;02:45:18;02:45:18;87
22;22;DE;M;15;15;M;4;4;02:45:51;02:45:48;962
23;23;DE;M;16;16;M35;4;4;02:46:06;02:46:02;1237
24;24;DE;M;17;17;M30;6;6;02:47:18;02:47:13;1526
25;25;RU;M;18;18;M45;1;1;02:48:44;02:48:41;1843
26;26;DE;F;8;8;W40;1;1;02:49:06;02:49:06;1772
27;27;FR;M;19;19;M50;1;1;02:49:39;02:49:36;2077
28;28;DE;M;20;20;M40;4;4;02:50:13;02:50:09;988
29;29;DE;M;21;21;M;5;5;02:51:34;02:51:31;620
30;30;DE;M;22;22;M30;7;7;02:52:18;02:52:11;1964
31;30;DE;M;23;22;M35;5;5;02:52:18;02:52:14;1827
32;32;DE;M;24;24;M40;5;5;02:52:47;02:52:44;711
33;33;DE;M;25;25;M;6;6;02:53:25;02:53:19;2036
34;34;DE;M;26;26;M;7;7;02:53:44;02:53:38;1272
35;36;DE;M;27;28;M55;1;1;02:54:01;02:53:54;1274
36;35;DE;M;28;27;M40;6;6;02:54:00;02:53:56;2076
37;37;DE;M;29;29;M35;6;6;02:54:50;02:54:46;1812
38;38;DE;M;30;30;M40;7;7;02:55:05;02:55:00;1895
39;39;DE;M;31;31;M35;7;7;02:55:27;02:55:21;1250
40;40;DE;M;32;32;M30;8;8;02:55:31;02:55:25;594
41;41;GB;M;33;33;M50;2;2;02:55:49;02:55:45;1061
42;42;DE;M;34;34;M50;3;3;02:55:52;02:55:47;674
43;43;DE;M;35;35;M40;8;8;02:55:55;02:55:48;1389
44;44;DE;F;9;9;W35;1;1;02:55:59;02:55:59;919
45;45;DE;M;36;36;M40;9;9;02:56:23;02:56:18;435
46;47;AT;M;37;38;M45;2;3;02:56:37;02:56:26;1826
47;46;DE;M;38;37;M45;3;2;02:56:35;02:56:31;1604
48;48;DE;M;39;39;M50;4;4;02:56:47;02:56:42;1649
49;49;US;M;40;40;M30;9;9;02:57:03;02:56:56;1592
50;50;DE;M;41;41;M;8;8;02:57:16;02:57:02;1545
51;51;DE;M;42;42;M45;4;4;02:57:38;02:57:33;931
52;52;DE;F;10;10;W;4;4;02:57:41;02:57:34;908
53;53;DE;M;43;43;M50;5;5;02:57:53;02:57:46;1968
54;55;DE;M;44;45;M;9;9;02:58:06;02:58:00;1786
55;54;DE;M;45;44;M50;6;6;02:58:04;02:58:01;1417
56;56;DE;M;46;46;M40;10;10;02:58:14;02:58:06;1758
57;57;DE;M;47;47;M;10;10;02:58:20;02:58:15;1970
58;58;;M;48;48;M30;10;10;02:58:25;02:58:20;2114
58;58;DE;M;48;48;M40;11;11;02:58:25;02:58:20;690
60;62;;M;50;52;M35;8;9;02:58:34;02:58:25;2132
61;60;DE;M;51;50;M35;9;8;02:58:32;02:58:26;384
62;61;DE;M;52;51;M30;11;11;02:58:33;02:58:27;1225
63;63;DE;M;53;53;M40;12;12;02:58:37;02:58:31;1979
64;63;NL;M;54;53;M;11;11;02:58:37;02:58:34;1253
65;65;;M;55;55;M35;10;10;02:58:47;02:58:41;2135
66;66;DE;M;56;56;M40;13;13;02:59:29;02:59:11;1955
67;67;DE;M;57;57;M;12;12;03:00:44;03:00:37;378
68;68;DE;F;11;11;W;5;5;03:01:04;03:00:57;2074
69;70;DE;M;58;59;M;13;13;03:01:18;03:01:13;1892
70;69;MX;M;59;58;M45;5;5;03:01:17;03:01:15;1764
71;71;DE;M;60;60;M45;6;6;03:01:38;03:01:29;1747
72;72;DE;M;61;61;M50;7;7;03:02:06;03:01:59;1893
73;73;DE;M;62;62;M;14;14;03:02:40;03:02:33;1010
74;74;DE;M;63;63;M50;8;8;03:02:42;03:02:35;1344
74;75;DE;M;63;64;M35;11;11;03:02:45;03:02:35;1054
76;76;DE;M;65;65;M;15;15;03:03:03;03:03:00;957
77;77;NL;M;66;66;M55;2;2;03:03:20;03:03:17;1186
78;78;DE;M;67;67;M;16;16;03:03:56;03:03:50;1661
79;79;DE;M;68;68;M;17;17;03:04:02;03:03:55;728
80;80;DE;M;69;69;M30;12;12;03:04:16;03:04:09;1588
81;81;DE;M;70;70;M30;13;13;03:04:25;03:04:17;1355
82;82;DE;M;71;71;M50;9;9;03:04:26;03:04:20;1494
83;83;DE;M;72;72;M30;14;14;03:05:19;03:05:13;1409
84;84;DE;M;73;73;M55;3;3;03:05:20;03:05:15;761
85;85;DE;M;74;74;M45;7;7;03:05:37;03:05:31;1125
86;86;DE;M;75;75;M35;12;12;03:05:59;03:05:52;818
87;87;DE;F;12;12;W35;2;2;03:07:07;03:06:50;1852
88;88;DE;F;13;13;W;6;6;03:07:43;03:07:37;285
89;89;DE;M;76;76;M45;8;8;03:08:39;03:08:30;1287
90;93;DE;M;77;80;M35;13;13;03:09:44;03:09:01;1748
91;90;DE;M;78;77;M40;14;14;03:09:17;03:09:10;1831
92;91;DE;M;79;78;M55;4;4;03:09:39;03:09:27;1480
93;92;DE;M;80;79;M40;15;15;03:09:43;03:09:37;399
94;94;DE;M;81;81;M45;9;9;03:10:00;03:09:47;854
95;95;DE;M;82;82;M30;15;15;03:10:01;03:09:52;1242
96;96;DE;M;83;83;M30;16;16;03:10:09;03:09:56;1735
97;97;ES;M;84;84;M40;16;16;03:11:05;03:10:59;1448
98;100;DE;F;14;14;W;7;7;03:11:20;03:11:03;2034
99;101;DE;M;85;87;M;18;18;03:11:21;03:11:06;504
100;99;DE;M;86;86;M30;17;17;03:11:17;03:11:09;550
100;98;DE;M;86;85;M40;17;17;03:11:15;03:11:09;385
102;102;DE;M;88;88;M50;10;10;03:12:01;03:11:52;1731
103;103;DE;M;89;89;M45;10;10;03:12:08;03:12:03;1884
104;104;DE;M;90;90;M35;14;14;03:13:00;03:12:10;132
105;120;DE;M;91;104;M;19;21;03:14:09;03:12:47;727
106;105;DE;M;92;91;M50;11;11;03:13:06;03:12:58;1503
107;107;DE;M;93;93;M30;18;18;03:13:14;03:13:01;1213
108;108;DE;M;94;94;M45;11;11;03:13:15;03:13:02;1414
109;109;DE;M;95;95;M45;12;12;03:13:17;03:13:04;712
110;106;DE;M;96;92;M55;5;5;03:13:13;03:13:09;1532
111;112;DE;F;15;15;W;8;8;03:13:35;03:13:20;1834
111;110;NL;M;97;96;M35;15;15;03:13:24;03:13:20;824
113;111;DE;M;98;97;M;20;19;03:13:32;03:13:21;1644
114;114;DE;M;99;99;M;21;20;03:13:52;03:13:38;1794
115;113;DE;M;100;98;M60;1;1;03:13:49;03:13:42;1388
115;116;IT;F;16;16;W;9;9;03:13:59;03:13:42;1849
117;117;DE;M;101;101;M50;12;13;03:14:01;03:13:44;1615
117;115;NL;M;101;100;M50;12;12;03:13:58;03:13:44;786
119;122;DE;M;103;106;M45;13;13;03:14:12;03:13:54;1954
120;117;DE;M;104;101;M35;16;16;03:14:01;03:13:55;1865
121;119;DE;M;105;103;M35;17;17;03:14:06;03:13:58;1768
122;123;DE;M;106;107;M45;14;14;03:14:15;03:13:59;1034
123;121;DE;M;107;105;M35;18;18;03:14:11;03:14:03;1450
124;124;DE;M;108;108;M50;14;14;03:14:17;03:14:04;1551
125;125;DE;M;109;109;M30;19;19;03:14:20;03:14:18;1643
126;126;FR;M;110;110;M50;15;15;03:14:44;03:14:29;1718
127;130;DE;M;111;113;M30;20;21;03:14:58;03:14:33;1307
128;128;;M;112;111;M30;21;20;03:14:55;03:14:35;2129
129;127;DE;F;17;17;W40;2;2;03:14:49;03:14:43;553
130;130;DE;M;113;113;M30;22;21;03:14:58;03:14:46;1824
130;129;FR;M;113;112;M;22;22;03:14:56;03:14:46;1577
132;132;DE;M;115;115;M;23;23;03:14:59;03:14:47;1800
133;133;DE;M;116;116;M50;16;16;03:15:55;03:15:44;1398
134;134;DE;M;117;117;M50;17;17;03:16:13;03:15:58;2021
135;135;DE;M;118;118;M35;19;19;03:16:16;03:16:00;1903
136;136;DE;M;119;119;M35;20;20;03:16:21;03:16:07;1663
137;138;DE;M;120;121;M45;15;15;03:16:33;03:16:19;234
138;137;DE;M;121;120;M50;18;18;03:16:30;03:16:21;1552
139;139;DE;M;122;122;M40;18;18;03:16:39;03:16:31;1669
140;141;DE;M;123;124;M40;19;19;03:17:08;03:16:53;312
141;140;DE;M;124;123;M45;16;16;03:17:03;03:16:54;3001
142;144;DE;M;125;127;M30;23;23;03:17:22;03:17:03;414
143;142;DE;M;126;125;M;24;24;03:17:12;03:17:04;1637
144;143;DE;M;127;126;M40;20;20;03:17:21;03:17:05;1913
145;146;DE;M;128;129;M40;21;21;03:17:53;03:17:34;1123
145;145;DE;M;128;128;M50;19;19;03:17:47;03:17:34;211
147;149;DE;M;130;132;M;25;25;03:18:49;03:17:35;1500
148;147;DE;M;131;130;M65;1;1;03:18:01;03:17:51;1602
149;148;NL;M;132;131;M35;21;21;03:18:23;03:18:10;555
150;154;DE;M;133;137;M30;24;25;03:19:49;03:18:22;1914
151;160;DE;M;134;142;M;26;26;03:20:19;03:19:20;995
151;152;DE;M;134;135;M45;17;18;03:19:42;03:19:20;741
153;151;DE;M;136;134;M60;2;2;03:19:41;03:19:23;1236
154;150;DE;M;137;133;M45;18;17;03:19:29;03:19:24;717
155;152;DE;M;138;135;M30;25;24;03:19:42;03:19:26;943
156;155;IE;F;18;18;W40;3;3;03:19:55;03:19:40;1543
157;156;DE;M;139;138;M45;19;19;03:19:58;03:19:41;455
158;157;DE;M;140;139;M30;26;26;03:20:06;03:19:46;175
159;158;BR;M;141;140;M30;27;27;03:20:11;03:19:50;1603
160;158;DE;M;142;140;M50;20;20;03:20:11;03:19:57;1647
161;161;NL;M;143;143;M;27;27;03:20:25;03:20:01;651
162;162;DE;M;144;144;M40;22;22;03:20:47;03:20:33;1990
163;164;DE;M;145;146;M60;3;3;03:21:04;03:20:41;1217
164;172;DE;M;146;154;M30;28;28;03:22:52;03:20:44;527
165;163;DE;M;147;145;M45;20;20;03:21:02;03:20:48;1832
166;165;DE;M;148;147;M35;22;22;03:21:19;03:21:02;1906
167;166;DE;M;149;148;M60;4;4;03:21:21;03:21:10;1190
168;167;DE;M;150;149;M40;23;23;03:21:38;03:21:18;1240
169;168;;M;151;150;M45;21;21;03:22:04;03:21:52;2117
170;169;DE;M;152;151;M45;22;22;03:22:21;03:22:06;982
171;171;DE;M;153;153;M;28;28;03:22:28;03:22:09;1947
171;169;DE;M;153;151;M35;23;23;03:22:21;03:22:09;1093
173;173;DE;M;155;155;M50;21;21;03:22:54;03:22:41;505
174;175;DE;M;156;157;M35;24;24;03:23:07;03:22:43;255
175;176;DE;M;157;158;M50;22;23;03:23:08;03:22:46;1992
176;174;;M;158;156;M50;23;22;03:23:05;03:22:51;2094
177;180;DE;M;159;162;M30;29;29;03:23:38;03:22:55;916
178;177;DE;M;160;159;M35;25;25;03:23:17;03:22:59;1579
179;181;DE;M;161;163;M30;30;30;03:24:20;03:23:04;961
180;179;NL;M;162;161;M35;26;26;03:23:31;03:23:07;963
181;178;DE;M;163;160;M45;23;23;03:23:28;03:23:09;1675
182;181;DE;F;19;19;W30;5;5;03:24:20;03:23:58;896
183;185;DE;M;164;166;M45;24;24;03:24:37;03:24:05;1475
184;183;DE;M;165;164;M;29;29;03:24:22;03:24:08;1329
185;188;DE;M;166;169;M55;6;6;03:25:07;03:24:15;4165
186;184;DE;M;167;165;M30;31;31;03:24:30;03:24:22;1416
187;186;BR;M;168;167;M35;27;27;03:24:57;03:24:35;1401
188;187;DE;M;169;168;M40;24;24;03:25:01;03:24:44;1313
189;189;DE;M;170;170;M;30;30;03:25:28;03:24:45;2090
190;190;DE;M;171;171;M60;5;5;03:25:36;03:25:25;1106
191;193;DE;M;172;174;M;31;31;03:26:25;03:25:32;382
192;192;DE;M;173;173;M60;6;6;03:26:22;03:25:58;1104
193;191;DE;M;174;172;M35;28;28;03:26:14;03:26:04;1498
194;200;DE;M;175;180;M60;7;7;03:27:04;03:26:13;511
195;195;DE;M;176;176;M40;25;25;03:26:43;03:26:18;619
196;196;DE;M;177;177;M35;29;29;03:26:44;03:26:21;2091
197;194;DE;M;178;175;M55;7;7;03:26:37;03:26:25;1858
198;198;DE;M;179;178;M;32;32;03:26:58;03:26:37;583
199;199;DE;M;180;179;M;33;33;03:26:59;03:26:38;570
200;197;DE;F;20;20;W;10;10;03:26:52;03:26:41;2063
201;200;DE;M;181;180;M55;8;8;03:27:04;03:26:43;1652
202;203;DE;M;182;183;M50;24;24;03:27:16;03:26:46;2081
203;202;DE;M;183;182;M45;25;25;03:27:12;03:26:49;1094
204;211;DE;F;21;21;W;11;11;03:27:46;03:26:50;1027
205;205;DE;M;184;185;M45;26;27;03:27:20;03:26:58;2078
205;204;DE;M;184;184;M45;26;26;03:27:17;03:26:58;1019
207;207;DE;M;186;187;M30;32;32;03:27:23;03:27:02;318
208;209;DE;M;187;189;M35;30;30;03:27:29;03:27:05;1359
209;210;DE;M;188;190;M30;33;33;03:27:32;03:27:06;1662
210;207;DE;M;189;187;M;34;35;03:27:23;03:27:08;1857
211;206;DE;M;190;186;M;35;34;03:27:22;03:27:09;1155
212;213;DE;M;191;192;M60;8;8;03:27:54;03:27:31;206
213;216;DE;M;192;194;M35;31;31;03:28:14;03:27:38;1901
214;214;DE;F;22;22;W;12;12;03:28:09;03:27:43;528
215;212;DE;M;193;191;M50;25;25;03:27:52;03:27:44;1079
216;220;DE;F;23;23;W35;3;3;03:28:21;03:27:45;1973
216;214;DE;M;194;193;M;36;36;03:28:09;03:27:45;1567
218;218;DE;M;195;196;M55;9;9;03:28:18;03:27:55;2031
219;217;DE;M;196;195;M40;26;26;03:28:15;03:28:04;1639
220;221;DE;M;197;198;M50;26;27;03:28:27;03:28:06;2080
221;230;DE;M;198;204;M35;32;32;03:29:24;03:28:09;881
222;219;DE;M;199;197;M50;27;26;03:28:19;03:28:11;1891
223;223;DE;F;24;24;W45;1;1;03:28:39;03:28:14;1135
224;224;DE;F;25;25;W30;6;6;03:28:41;03:28:16;1183
225;222;DE;M;200;199;M50;28;28;03:28:38;03:28:17;1625
226;239;DE;M;201;212;M35;33;35;03:30:05;03:28:18;2062
227;225;DE;M;202;200;M;37;37;03:29:00;03:28:20;852
228;226;DE;M;203;201;M;38;38;03:29:11;03:28:26;737
229;229;DE;M;204;203;M30;34;34;03:29:22;03:28:39;182
230;237;DE;M;205;210;M40;27;30;03:30:01;03:28:47;1362
231;227;DE;F;26;26;W40;4;4;03:29:15;03:28:48;1999
232;228;DE;M;206;202;M40;28;27;03:29:18;03:28:58;1982
233;232;DE;M;207;206;M40;29;28;03:29:34;03:29:08;1766
233;231;DE;M;207;205;M35;34;33;03:29:32;03:29:08;2039
235;243;DE;M;209;215;M40;30;32;03:30:16;03:29:10;240
236;235;DE;M;210;209;M60;9;9;03:29:55;03:29:23;1911
237;233;DE;M;211;207;M40;31;29;03:29:40;03:29:26;1459
238;238;DE;M;212;211;M35;35;34;03:30:02;03:29:35;1709
239;234;DE;M;213;208;M50;29;29;03:29:54;03:29:36;1656
240;236;HN;F;27;27;W30;7;7;03:29:57;03:29:38;1871
241;248;DE;M;214;219;M30;35;38;03:30:52;03:29:39;704
242;239;;M;215;212;M30;36;35;03:30:05;03:29:41;2102
243;241;DE;M;216;214;M40;32;31;03:30:12;03:29:43;1924
244;242;DE;F;28;28;W35;4;4;03:30:15;03:29:48;1761
245;245;DE;M;217;217;M30;37;36;03:30:20;03:29:53;1167
246;244;DE;M;218;216;M35;36;36;03:30:18;03:29:55;1799
247;255;DE;M;219;225;M40;33;34;03:31:40;03:30:08;362
248;246;FR;M;220;218;M30;38;37;03:30:30;03:30:10;834
249;251;DE;M;221;221;M40;34;33;03:31:06;03:30:15;135
249;247;DE;F;29;29;W55;1;1;03:30:42;03:30:15;1922
251;249;DE;M;222;220;M45;28;28;03:30:53;03:30:26;170
252;250;DE;F;30;30;W;13;13;03:30:58;03:30:37;242
253;252;DE;M;223;222;M45;29;29;03:31:13;03:30:56;892
254;261;BR;M;224;230;M30;39;41;03:32:13;03:31:00;545
255;259;DE;M;225;228;M30;40;40;03:32:00;03:31:07;1981
256;253;DE;M;226;223;M50;30;30;03:31:37;03:31:10;691
257;254;DE;M;227;224;M30;41;39;03:31:38;03:31:13;780
258;256;DE;M;228;226;M;39;39;03:31:44;03:31:21;426
259;258;DE;M;229;227;M;40;40;03:31:48;03:31:23;1785
260;263;DE;M;230;232;M40;35;35;03:32:20;03:31:24;1461
261;256;DE;F;31;31;W30;8;8;03:31:44;03:31:28;1512
262;262;;M;231;231;M55;10;10;03:32:14;03:31:43;2115
263;260;DE;M;232;229;M50;31;31;03:32:01;03:31:45;1700
264;266;DE;M;233;235;M45;30;31;03:32:39;03:31:57;2033
265;264;;M;234;233;M35;37;37;03:32:25;03:32:11;2095
266;267;DE;M;235;236;M55;11;11;03:32:42;03:32:15;1536
266;265;DE;M;235;234;M45;31;30;03:32:28;03:32:15;894
268;271;DE;M;237;239;M35;38;38;03:32:53;03:32:17;579
269;282;NL;M;238;249;M;41;42;03:34:35;03:32:21;1012
270;272;DE;M;239;240;M;42;41;03:32:55;03:32:26;1487
271;268;DE;M;240;237;M40;36;36;03:32:44;03:32:27;2070
271;269;DE;F;32;32;W45;2;2;03:32:46;03:32:27;1136
273;273;DE;M;241;241;M50;32;32;03:32:59;03:32:28;840
274;275;DE;M;242;243;M45;32;33;03:33:15;03:32:43;1435
275;270;DE;M;243;238;M40;37;37;03:32:49;03:32:44;1681
276;274;DE;M;244;242;M45;33;32;03:33:13;03:32:49;1249
276;276;DE;M;244;244;M45;33;34;03:33:19;03:32:49;1720
278;278;DE;M;246;246;M40;38;38;03:33:43;03:32:54;1063
279;280;DE;F;33;33;W40;5;5;03:34:08;03:33:05;561
280;277;DE;M;247;245;M45;35;35;03:33:26;03:33:09;1611
281;279;DE;M;248;247;M40;39;39;03:33:52;03:33:35;2041
282;281;DE;M;249;248;M55;12;12;03:34:16;03:33:37;2072
283;284;DE;F;34;34;W35;5;5;03:34:38;03:34:00;438
284;282;DE;M;250;249;M40;40;40;03:34:35;03:34:12;1936
285;285;DE;M;251;251;M40;41;41;03:34:52;03:34:28;1916
286;286;DE;M;252;252;M45;36;36;03:35:03;03:34:34;1458
287;294;NL;M;253;259;M30;42;43;03:35:30;03:34:37;1977
288;290;UA;M;254;255;M35;39;39;03:35:17;03:34:42;1837
289;287;DE;M;255;253;M40;42;42;03:35:11;03:34:49;1108
289;288;DE;F;35;35;W35;6;6;03:35:16;03:34:49;152
291;295;DE;F;36;36;W;14;14;03:35:31;03:34:51;1705
292;292;DE;M;256;257;M30;43;42;03:35:26;03:35:01;1784
293;293;DE;M;257;258;M35;40;40;03:35:28;03:35:03;241
294;288;DE;M;258;254;M70;1;1;03:35:16;03:35:05;1928
295;296;DE;M;259;260;M50;33;33;03:35:33;03:35:08;1584
296;291;DE;M;260;256;M40;43;43;03:35:24;03:35:13;2057
297;302;;M;261;265;M;43;43;03:36:04;03:35:16;2108
297;298;DE;M;261;261;M50;34;34;03:35:42;03:35:16;375
299;299;DE;M;263;262;M35;41;41;03:35:44;03:35:19;1241
300;297;DE;F;37;37;W30;9;9;03:35:38;03:35:20;1634
301;300;NL;M;264;263;M50;35;35;03:35:47;03:35:24;749
302;301;DE;M;265;264;M55;13;13;03:35:56;03:35:36;1610
303;303;DE;M;266;266;M55;14;14;03:36:11;03:35:48;2046
304;304;DE;M;267;267;M40;44;44;03:36:21;03:35:54;1456
305;316;DE;F;38;41;W50;1;2;03:37:25;03:36:06;955
306;305;DE;M;268;268;M50;36;36;03:36:23;03:36:08;1320
307;309;DE;M;269;271;M30;44;44;03:37:02;03:36:18;201
308;307;DE;M;270;270;M60;10;10;03:36:46;03:36:21;606
309;312;DE;M;271;274;M40;45;45;03:37:20;03:36:23;1958
310;312;DE;F;39;39;W35;7;7;03:37:20;03:36:24;1921
311;308;DE;F;40;38;W50;2;1;03:36:51;03:36:29;652
312;306;DE;M;272;269;M;44;44;03:36:43;03:36:35;1867
313;310;DE;M;273;272;M55;15;15;03:37:07;03:36:41;1053
314;315;DE;M;274;275;M60;11;11;03:37:22;03:36:54;1660
315;325;DE;F;41;42;W;15;15;03:37:58;03:36:56;1276
316;312;DE;F;42;39;W40;6;6;03:37:20;03:36:57;1107
317;318;DE;M;275;277;M45;37;37;03:37:38;03:36:59;1513
318;317;DE;M;276;276;M35;42;42;03:37:30;03:37:04;107
319;311;DE;M;277;273;M50;37;37;03:37:13;03:37:05;1175
320;320;DE;M;278;279;M30;45;45;03:37:49;03:37:13;990
320;320;DE;M;278;279;M;45;45;03:37:49;03:37:13;991
320;320;;M;278;279;M;45;45;03:37:49;03:37:13;2109
323;324;NL;M;281;283;M35;43;43;03:37:54;03:37:16;784
324;319;DE;M;282;278;M45;38;38;03:37:43;03:37:20;1376
325;323;DE;M;283;282;M65;2;2;03:37:53;03:37:48;1266
326;326;DE;M;284;284;M30;46;46;03:38:27;03:37:50;2029
327;332;DE;M;285;290;M35;44;44;03:39:20;03:38:04;880
328;327;DE;M;286;285;M45;39;39;03:38:33;03:38:11;1721
329;328;DE;M;287;286;M55;16;16;03:38:44;03:38:13;111
330;330;DE;M;288;288;M30;47;47;03:39:09;03:38:26;1052
331;330;DE;M;289;288;M40;46;46;03:39:09;03:38:38;2065
332;329;DE;M;290;287;M45;40;40;03:38:56;03:38:40;1691
333;343;DE;M;291;301;M40;47;48;03:39:47;03:38:45;1701
334;335;DE;M;292;293;M30;48;48;03:39:30;03:38:49;1285
335;344;DE;M;293;302;M55;17;18;03:39:48;03:38:52;1711
335;340;DE;M;293;298;M40;48;47;03:39:42;03:38:52;2016
337;334;DE;M;295;292;M50;38;38;03:39:26;03:38:53;1212
338;333;DE;M;296;291;M;47;47;03:39:25;03:39:00;2089
339;338;DE;M;297;296;M30;49;50;03:39:39;03:39:02;1787
340;356;DE;M;298;312;M35;45;48;03:40:21;03:39:04;1986
341;346;DE;M;299;304;M40;49;49;03:39:55;03:39:10;1989
342;335;DE;M;300;293;M45;41;41;03:39:30;03:39:13;1862
343;337;DE;M;301;295;M30;50;49;03:39:38;03:39:20;127
344;341;DE;M;302;299;M35;46;45;03:39:44;03:39:23;1436
345;345;DE;M;303;303;M35;47;46;03:39:52;03:39:24;1845
346;399;DE;M;304;351;M35;48;54;03:43:35;03:39:26;1022
347;342;DE;M;305;300;M30;51;51;03:39:46;03:39:27;266
347;338;DE;M;305;296;M55;18;17;03:39:39;03:39:27;2967
349;353;DE;M;307;310;M55;19;20;03:40:18;03:39:29;202
350;352;DE;M;308;309;M;48;48;03:40:12;03:39:31;1960
351;351;DE;M;309;308;M35;49;47;03:40:11;03:39:32;1382
352;349;DE;M;310;306;M45;42;42;03:40:03;03:39:33;1011
353;354;CY;M;311;311;M45;43;43;03:40:19;03:39:35;1138
354;346;NL;F;43;43;W45;3;3;03:39:55;03:39:36;1303
355;348;DE;M;312;305;M55;20;19;03:39:59;03:39:40;695
356;354;DE;F;44;44;W30;10;10;03:40:19;03:39:42;1950
357;367;DE;M;313;322;M;49;49;03:41:19;03:39:43;497
358;360;DE;M;314;316;M50;39;39;03:40:33;03:39:52;1297
359;350;DE;M;315;307;M30;52;52;03:40:09;03:39:55;1666
360;359;DE;M;316;315;M35;50;49;03:40:27;03:39:59;1719
361;357;DE;M;317;313;M30;53;53;03:40:25;03:40:00;1501
362;361;IE;M;318;317;M50;40;40;03:40:35;03:40:09;724
363;357;DE;M;319;313;M55;21;21;03:40:25;03:40:12;1956
364;364;DE;F;45;45;W60;1;1;03:41:07;03:40:19;2056
365;363;DE;M;320;319;M30;54;54;03:40:54;03:40:21;1275
366;362;DE;M;321;318;M55;22;22;03:40:51;03:40:36;200
367;370;DE;F;46;46;W30;11;11;03:41:29;03:40:41;1300
367;391;DE;M;322;344;M;50;52;03:43:05;03:40:41;1160
369;371;DE;M;323;325;M50;41;41;03:41:30;03:40:43;1631
369;368;DE;M;323;323;M45;44;44;03:41:20;03:40:43;1537
371;372;DE;M;325;326;M45;45;45;03:41:38;03:40:52;1075
372;366;DE;M;326;321;M40;50;50;03:41:16;03:40:53;1037
372;365;DE;M;326;320;M55;23;23;03:41:14;03:40:53;2001
374;384;DE;M;328;337;M50;42;43;03:42:18;03:41:00;1007
375;369;DE;M;329;324;M65;3;3;03:41:22;03:41:02;751
376;373;DE;F;47;47;W;16;16;03:41:46;03:41:06;1119
377;377;DE;M;330;330;M;51;50;03:41:59;03:41:18;2082
378;381;DE;M;331;334;M35;51;52;03:42:14;03:41:21;1519
379;374;NL;M;332;327;M35;52;50;03:41:47;03:41:27;1502
380;375;DE;M;333;328;M35;53;51;03:41:48;03:41:28;493
381;376;DE;M;334;329;M55;24;24;03:41:49;03:41:29;1919
382;379;DE;M;335;332;M;52;51;03:42:09;03:41:30;1598
383;383;DE;M;336;336;M30;55;56;03:42:15;03:41:35;1228
384;386;DE;M;337;339;M55;25;26;03:42:29;03:41:42;2015
385;388;UY;M;338;341;M30;56;57;03:42:32;03:41:46;1426
386;381;DE;M;339;334;M30;57;55;03:42:14;03:41:48;408
387;378;;M;340;331;M55;26;25;03:42:06;03:41:56;2100
388;380;DE;M;341;333;M50;43;42;03:42:10;03:41:58;1687
389;393;DE;F;48;48;W;17;17;03:43:09;03:42:00;2066
389;386;DE;M;342;339;M40;51;51;03:42:29;03:42:00;1162
391;385;DE;M;343;338;M50;44;44;03:42:19;03:42:02;71
392;389;DE;M;344;342;M40;52;52;03:42:45;03:42:06;1593
393;390;DE;M;345;343;M45;46;46;03:43:01;03:42:21;1199
394;401;DE;M;346;353;M50;45;47;03:43:47;03:42:22;791
395;398;DE;M;347;350;M65;4;4;03:43:32;03:42:41;1077
396;391;DE;M;348;344;M35;54;53;03:43:05;03:42:45;305
397;412;DE;M;349;364;M30;58;59;03:44:29;03:42:54;496
398;396;US;M;350;348;M50;46;45;03:43:20;03:42:55;1368
399;414;DE;M;351;366;M;53;53;03:44:34;03:42:58;1016
400;395;DE;M;352;347;M60;12;12;03:43:14;03:43:02;168
401;397;DE;M;353;349;M60;13;13;03:43:30;03:43:03;236
401;394;DE;M;353;346;M45;47;47;03:43:13;03:43:03;2061
403;400;DE;M;355;352;M50;47;46;03:43:45;03:43:12;2107
404;402;DE;M;356;354;M50;48;48;03:43:52;03:43:13;1471
405;405;DE;M;357;357;M35;55;55;03:43:59;03:43:21;1801
406;408;DE;M;358;360;M50;49;50;03:44:17;03:43:28;1972
407;403;DE;M;359;355;M40;53;53;03:43:57;03:43:29;1538
408;406;DE;M;360;358;M40;54;54;03:44:05;03:43:30;1882
409;409;DE;M;361;361;M55;27;27;03:44:20;03:43:32;1048
410;403;NL;M;362;355;M50;50;49;03:43:57;03:43:38;1145
411;407;DE;M;363;359;M30;59;58;03:44:12;03:43:45;280
412;411;DE;M;364;363;M35;56;57;03:44:27;03:43:48;2008
413;422;DE;F;49;52;W;18;19;03:45:02;03:43:49;359
414;409;DE;M;365;361;M35;57;56;03:44:20;03:43:55;715
414;419;DE;M;365;369;M35;57;59;03:44:48;03:43:55;828
416;415;DE;M;367;367;M;54;54;03:44:36;03:43:58;1836
417;413;DE;M;368;365;M50;51;51;03:44:30;03:44:04;1042
418;418;DE;M;369;368;M35;59;58;03:44:47;03:44:06;499
419;417;DE;F;50;50;W45;4;5;03:44:46;03:44:07;153
420;434;DE;M;370;381;M;55;58;03:45:49;03:44:12;235
421;421;DE;F;51;51;W;19;18;03:44:58;03:44:15;209
422;416;DE;F;52;49;W45;5;4;03:44:43;03:44:20;1380
423;428;DE;M;371;375;M50;52;54;03:45:18;03:44:21;847
424;424;DE;M;372;372;M55;28;28;03:45:13;03:44:26;1967
425;423;DE;M;373;371;M50;53;52;03:45:09;03:44:29;2045
426;420;DE;M;374;370;M;56;55;03:44:49;03:44:31;381
427;426;DE;M;375;374;M;57;56;03:45:17;03:44:35;1511
428;426;DE;F;53;53;W40;7;7;03:45:17;03:44:37;1540
429;425;DE;M;376;373;M50;54;53;03:45:16;03:44:38;1153
430;429;FI;M;377;376;M40;55;55;03:45:24;03:44:40;1402
431;430;DE;M;378;377;M;58;57;03:45:25;03:44:46;416
432;432;;M;379;379;M55;29;30;03:45:45;03:45:03;2122
433;459;DE;F;54;56;W;20;20;03:47:34;03:45:06;1332
434;435;DE;M;380;382;M50;55;55;03:45:50;03:45:08;1673
434;441;DE;M;380;386;M35;60;62;03:46:09;03:45:08;1457
436;431;DE;M;382;378;M55;30;29;03:45:31;03:45:13;2040
436;438;DE;M;382;384;M45;48;48;03:45:57;03:45:13;890
438;433;DE;M;384;380;M35;61;60;03:45:46;03:45:14;934
439;439;DE;F;55;55;W35;8;9;03:45:58;03:45:17;444
440;445;DE;M;385;390;M;59;60;03:46:30;03:45:28;800
441;448;DE;M;386;393;M35;62;64;03:46:43;03:45:29;825
442;439;DE;M;387;385;M35;63;61;03:45:58;03:45:30;1333
442;442;DE;M;387;387;M40;56;56;03:46:11;03:45:30;739
442;449;DE;M;387;394;M35;63;65;03:46:44;03:45:30;513
445;447;DE;M;390;392;M35;65;63;03:46:37;03:45:33;978
445;436;DE;F;56;54;W35;9;8;03:45:51;03:45:33;878
447;437;DE;M;391;383;M55;31;31;03:45:56;03:45:39;1433
448;452;DE;M;392;397;M45;49;50;03:46:50;03:45:50;410
449;443;DE;M;393;388;M40;57;57;03:46:24;03:45:52;1755
450;446;DE;M;394;391;M30;60;60;03:46:33;03:45:56;1268
450;451;DE;M;394;396;M45;50;49;03:46:49;03:45:56;1959
452;453;DE;M;396;398;M35;66;66;03:46:53;03:46:02;1617
453;444;DE;M;397;389;M;60;59;03:46:26;03:46:03;1325
454;450;DE;M;398;395;M60;14;14;03:46:45;03:46:08;1337
455;454;NL;M;399;399;M55;32;32;03:46:58;03:46:13;972
456;461;DE;M;400;405;M35;67;67;03:47:41;03:46:27;1667
457;458;DE;M;401;403;M40;58;58;03:47:21;03:46:34;1586
458;456;DE;M;402;401;M;61;62;03:47:14;03:46:36;400
458;455;DE;M;402;400;M;61;61;03:47:00;03:46:36;1112
460;460;DE;M;404;404;M55;33;33;03:47:37;03:46:47;1650
461;457;DE;M;405;402;M;63;63;03:47:18;03:46:52;1088
462;470;DE;M;406;414;M;64;65;03:48:08;03:47:00;483
463;481;DE;F;57;59;W45;6;6;03:48:59;03:47:01;1715
464;462;NO;M;407;406;M50;56;56;03:47:46;03:47:12;1690
464;462;NO;M;407;406;M55;34;34;03:47:46;03:47:12;1689
466;483;DE;M;409;424;M35;68;71;03:49:05;03:47:14;1866
467;467;DE;M;410;411;M;65;64;03:48:01;03:47:16;1087
468;468;DE;M;411;412;M40;59;59;03:48:07;03:47:17;173
468;466;DE;M;411;410;M55;35;35;03:47:56;03:47:17;1564
470;472;IN;M;413;416;M40;60;60;03:48:14;03:47:22;1971
471;465;HU;M;414;409;M45;51;51;03:47:52;03:47:24;1773
472;476;DE;F;58;58;W30;12;12;03:48:44;03:47:29;684
472;464;DE;M;415;408;M65;5;5;03:47:50;03:47:29;1725
474;491;DE;M;416;431;M50;57;59;03:49:20;03:47:35;929
475;476;DE;M;417;419;M35;69;68;03:48:44;03:47:38;479
475;468;DE;M;417;412;M65;6;6;03:48:07;03:47:38;3333
477;474;;M;419;417;M55;36;36;03:48:27;03:47:45;2101
478;473;DE;F;59;57;W;21;21;03:48:24;03:47:47;452
479;499;DE;M;420;438;M;66;69;03:49:40;03:47:54;612
480;484;DE;M;421;425;M45;52;52;03:49:07;03:47:56;332
481;475;DE;M;422;418;M30;61;61;03:48:40;03:47:59;1499
482;471;DE;M;423;415;M50;58;57;03:48:12;03:48:02;310
483;490;DE;M;424;430;M45;53;54;03:49:16;03:48:05;1255
484;492;DE;M;425;432;M;67;67;03:49:22;03:48:07;1442
485;480;DE;M;426;422;M35;70;70;03:48:57;03:48:09;1563
486;478;DE;M;427;420;M35;71;69;03:48:49;03:48:12;498
487;507;DE;F;60;63;W30;13;13;03:50:01;03:48:15;1557
487;489;DE;M;428;429;M;68;66;03:49:15;03:48:15;2047
489;482;DE;M;429;423;M55;37;37;03:49:04;03:48:17;1781
490;479;DE;M;430;421;M50;59;58;03:48:53;03:48:20;1150
491;487;DE;M;431;427;M60;15;15;03:49:14;03:48:30;1883
492;486;DE;M;432;426;M40;61;61;03:49:11;03:48:32;1638
493;485;DE;F;61;60;W35;10;10;03:49:08;03:48:38;1200
494;504;DE;M;433;443;M50;60;63;03:49:45;03:48:39;1449
495;501;NL;M;434;440;M50;61;62;03:49:42;03:48:40;2084
496;493;DE;M;435;433;M;69;68;03:49:26;03:48:44;129
497;496;DE;M;436;435;M50;62;60;03:49:30;03:48:46;1335
498;523;DE;M;437;457;M30;62;65;03:50:32;03:48:47;388
499;528;GB;M;438;461;M;70;74;03:50:49;03:48:48;1377
500;502;DE;M;439;441;M;71;70;03:49:43;03:48:49;659
501;494;DE;F;62;61;W55;2;2;03:49:27;03:48:56;1844
501;494;DE;M;440;434;M45;54;55;03:49:27;03:48:56;223
503;487;JP;M;441;427;M45;55;53;03:49:14;03:49:01;973
504;497;DE;M;442;436;M50;63;61;03:49:31;03:49:02;1965
505;530;NL;M;443;463;M40;62;64;03:50:54;03:49:08;1859
505;529;DE;M;443;462;M;72;75;03:50:51;03:49:08;1483
507;505;DE;M;445;444;M;73;71;03:49:48;03:49:12;2035
507;500;DE;M;445;439;M40;63;62;03:49:41;03:49:12;1847
509;498;DE;M;447;437;M30;63;62;03:49:38;03:49:17;136
510;521;DE;M;448;455;M30;64;64;03:50:29;03:49:23;1432
510;518;DE;M;448;453;M35;72;74;03:50:24;03:49:23;866
512;509;DE;M;450;446;M40;64;63;03:50:11;03:49:24;109
513;503;DE;M;451;442;M60;16;16;03:49:44;03:49:27;1318
513;510;DE;M;451;447;M;74;72;03:50:12;03:49:27;1572
515;522;DE;M;453;456;M;75;73;03:50:31;03:49:28;734
516;512;DE;M;454;448;M35;73;72;03:50:15;03:49:31;1814
516;506;DE;F;63;62;W45;7;7;03:49:55;03:49:31;1607
518;514;DE;M;455;450;M50;64;65;03:50:19;03:49:35;307
519;515;GB;M;456;451;M50;65;66;03:50:21;03:49:40;2058
519;515;DE;F;64;65;W45;8;8;03:50:21;03:49:40;1943
519;508;DE;M;456;445;M45;56;56;03:50:08;03:49:40;1140
519;527;DE;M;456;460;M55;38;38;03:50:47;03:49:40;104
523;511;DE;F;65;64;W40;8;8;03:50:13;03:49:44;822
524;520;DE;M;459;454;M30;65;63;03:50:28;03:49:46;950
525;513;DE;M;460;449;M50;66;64;03:50:16;03:49:47;823
526;517;DE;M;461;452;M35;74;73;03:50:23;03:50:02;162
526;518;DE;F;66;66;W30;14;14;03:50:24;03:50:02;1366
526;531;DE;M;461;464;M45;57;57;03:50:57;03:50:02;253
529;526;DE;M;463;459;M35;75;75;03:50:43;03:50:06;2004
530;524;DE;F;67;67;W50;3;3;03:50:39;03:50:11;487
531;535;DE;M;464;467;M;76;77;03:51:07;03:50:12;1006
531;535;DE;M;464;467;M;76;77;03:51:07;03:50:12;1005
533;533;BE;F;68;68;W50;4;4;03:51:02;03:50:14;265
534;545;DE;F;69;71;W30;15;15;03:51:43;03:50:16;733
535;537;DE;M;466;469;M55;39;39;03:51:10;03:50:18;1746
535;525;DE;M;466;458;M50;67;67;03:50:41;03:50:18;1025
537;534;DE;M;468;466;M;78;76;03:51:04;03:50:28;802
538;542;DE;F;70;70;W;22;22;03:51:29;03:50:29;536
539;539;DE;F;71;69;W35;11;11;03:51:19;03:50:37;599
539;539;DE;M;469;471;M35;76;76;03:51:19;03:50:37;1163
541;532;DE;M;470;465;M30;66;66;03:51:00;03:50:39;393
542;541;NZ;M;471;472;M40;65;66;03:51:24;03:50:42;580
543;546;DE;M;472;475;M50;68;68;03:51:47;03:50:43;1782
544;543;DE;M;473;473;M70;2;2;03:51:31;03:50:44;515
545;538;DE;M;474;470;M40;66;65;03:51:17;03:50:48;1488
546;546;NL;M;475;475;M30;67;67;03:51:47;03:50:55;798
547;548;DE;M;476;477;M;79;79;03:51:55;03:51:00;1646
548;553;DE;M;477;481;M55;40;40;03:52:07;03:51:02;1976
548;563;DE;M;477;486;M35;77;77;03:52:18;03:51:02;1056
550;550;DE;M;479;479;M50;69;69;03:52:03;03:51:06;1215
551;560;;F;72;76;W30;16;17;03:52:13;03:51:09;2123
552;556;DE;M;480;482;M40;67;68;03:52:09;03:51:11;1390
553;544;DE;M;481;474;M45;58;58;03:51:39;03:51:13;1248
554;555;NL;F;73;74;W30;17;16;03:52:08;03:51:16;799
555;567;DE;F;74;78;W;23;23;03:52:35;03:51:24;765
556;589;DE;F;75;86;W;24;29;03:53:59;03:51:25;1561
557;568;DE;F;76;79;W;25;24;03:52:37;03:51:26;566
557;552;DE;F;76;72;W45;9;9;03:52:06;03:51:26;1345
559;553;DE;F;78;73;W40;9;9;03:52:07;03:51:27;1347
560;556;DE;F;79;75;W45;10;10;03:52:09;03:51:30;406
560;559;DE;M;482;484;M55;41;41;03:52:10;03:51:30;1392
560;556;DE;M;482;482;M50;70;70;03:52:09;03:51:30;1838
563;590;DE;F;80;87;W;26;30;03:54:04;03:51:32;1516
564;564;DE;M;484;487;M50;71;71;03:52:24;03:51:36;2032
565;549;DE;M;485;478;M30;68;68;03:51:58;03:51:37;542
565;561;DE;M;485;485;M45;59;59;03:52:16;03:51:37;655
565;551;DE;M;485;480;M40;68;67;03:52:05;03:51:37;630
568;562;NL;F;81;77;W35;12;12;03:52:17;03:51:39;1445
569;566;DE;M;488;489;M;80;80;03:52:34;03:51:53;1413
570;583;DE;F;82;84;W;27;28;03:53:33;03:51:57;1161
571;571;DE;M;489;492;M50;72;72;03:52:51;03:52:07;1188
572;565;DE;M;490;488;M60;17;17;03:52:27;03:52:09;1633
572;573;DE;F;83;80;W;28;25;03:53:02;03:52:09;577
572;574;DE;F;83;81;W;28;26;03:53:03;03:52:09;845
575;569;DE;M;491;490;M45;60;60;03:52:42;03:52:12;1310
576;570;DE;M;492;491;M45;61;61;03:52:43;03:52:13;1311
576;575;DE;M;492;494;M35;78;78;03:53:09;03:52:13;2067
578;591;DE;M;494;504;M45;62;63;03:54:05;03:52:14;1736
579;581;DE;M;495;498;M;81;81;03:53:28;03:52:16;1292
580;584;DE;M;496;500;M;82;82;03:53:47;03:52:29;1223
581;582;DE;M;497;499;M50;73;76;03:53:32;03:52:30;1783
582;579;DE;F;85;83;W;30;27;03:53:23;03:52:32;1829
583;572;DE;M;498;493;M50;74;73;03:52:55;03:52:38;475
584;576;DE;F;86;82;W50;5;5;03:53:14;03:52:48;1375
585;593;NO;M;499;506;M45;63;64;03:54:15;03:52:49;1695
586;577;DE;M;500;495;M50;75;74;03:53:17;03:52:51;1769
587;584;DE;F;87;85;W55;3;3;03:53:47;03:53:00;1632
588;599;DE;M;501;512;M;83;83;03:54:25;03:53:02;1998
588;596;DE;M;501;509;M35;79;83;03:54:19;03:53:02;2024
590;578;;M;503;496;M45;64;62;03:53:20;03:53:03;2099
590;580;DE;M;503;497;M50;76;75;03:53:25;03:53:03;1100
592;586;DE;M;505;501;M35;80;79;03:53:51;03:53:07;1257
593;588;DE;M;506;503;M30;69;69;03:53:56;03:53:12;1816
594;587;DE;M;507;502;M35;81;80;03:53:54;03:53:16;1640
595;598;DE;M;508;511;M50;77;78;03:54:22;03:53:20;347
596;597;DE;M;509;510;M50;78;77;03:54:21;03:53:22;194
597;591;DE;M;510;504;M35;82;81;03:54:05;03:53:23;1740
598;599;DE;M;511;512;M55;42;42;03:54:25;03:53:37;1620
599;601;DE;M;512;514;M55;43;43;03:54:29;03:53:47;8465
600;646;DE;M;513;550;M45;65;68;03:57:04;03:53:50;1578
601;594;GB;M;514;507;M65;7;7;03:54:17;03:53:52;875
602;613;DE;F;88;88;W40;10;10;03:55:19;03:53:55;267
603;608;DE;M;515;521;M65;8;8;03:54:55;03:53:56;1648
604;607;DE;M;516;520;M40;69;69;03:54:45;03:54:00;2073
605;602;DE;M;517;515;M;84;84;03:54:37;03:54:01;895
606;595;DE;M;518;508;M35;83;82;03:54:18;03:54:04;740
607;612;DE;M;519;525;M40;70;70;03:55:09;03:54:05;2030
608;605;DE;M;520;518;M;85;85;03:54:42;03:54:07;1305
609;604;DE;M;521;517;M35;84;84;03:54:41;03:54:12;131
610;620;DE;M;522;530;M35;85;87;03:55:43;03:54:15;473
611;603;DE;M;523;516;M50;79;79;03:54:40;03:54:19;2701
612;615;DE;F;89;89;W40;11;11;03:55:29;03:54:20;124
613;610;DE;M;524;523;M50;80;80;03:55:06;03:54:21;998
614;618;DE;M;525;528;M50;81;81;03:55:31;03:54:22;125
615;610;DE;M;526;523;M55;44;44;03:55:06;03:54:23;1697
616;606;;M;527;519;M35;86;85;03:54:44;03:54:24;2097
617;624;DE;M;528;533;M50;82;84;03:55:52;03:54:27;1169
618;616;DE;M;529;527;M35;87;86;03:55:30;03:54:29;608
619;608;DE;M;530;521;M65;9;8;03:54:55;03:54:33;188
620;623;DE;F;90;91;W;31;31;03:55:51;03:54:34;814
621;624;DE;F;91;92;W;32;32;03:55:52;03:54:36;815
622;633;DE;F;92;93;W50;6;6;03:56:07;03:54:46;640
622;628;DE;M;531;536;M30;70;70;03:55:58;03:54:46;1336
624;630;DE;M;532;538;M30;71;71;03:55:59;03:54:47;703
625;619;DE;M;533;529;M50;83;82;03:55:41;03:54:50;4400
626;622;DE;M;534;532;M50;84;83;03:55:50;03:54:53;1479
626;626;DE;M;534;534;M50;84;85;03:55:54;03:54:53;979
628;626;DE;M;536;534;M40;71;71;03:55:54;03:54:54;334
629;616;NL;F;93;90;W55;4;4;03:55:30;03:54:58;927
630;621;DE;M;537;531;M55;45;45;03:55:44;03:55:00;1616
631;614;DE;M;538;526;M;86;86;03:55:23;03:55:01;137
632;642;DE;M;539;547;M35;88;88;03:56:55;03:55:11;339
633;642;DE;M;540;547;M30;72;74;03:56:55;03:55:14;694
634;636;DE;M;541;542;M40;72;72;03:56:43;03:55:15;1726
635;644;DE;F;94;96;W30;18;18;03:57:01;03:55:22;1441
636;628;DE;M;542;536;M60;18;18;03:55:58;03:55:29;1704
636;632;DE;M;542;540;M30;73;72;03:56:04;03:55:29;654
638;634;DE;M;544;541;M55;46;46;03:56:23;03:55:33;774
639;651;DE;M;545;555;M;87;89;03:57:25;03:55:37;1723
640;631;;M;546;539;M;88;87;03:56:00;03:55:43;2125
641;653;DE;F;95;97;W35;13;13;03:57:29;03:55:49;346
642;635;DE;F;96;94;W50;7;7;03:56:30;03:55:52;453
643;639;DE;M;547;545;M;89;88;03:56:47;03:55:53;1060
644;662;DE;M;548;565;M;90;92;03:58:04;03:55:56;779
645;652;;M;549;556;M50;86;88;03:57:27;03:55:59;2121
646;640;DE;F;97;95;W;33;33;03:56:53;03:56:07;870
646;647;DE;M;550;551;M35;89;89;03:57:07;03:56:07;1256
648;636;DE;M;551;542;M30;74;73;03:56:43;03:56:08;1730
649;638;DE;M;552;544;M45;66;65;03:56:45;03:56:09;2327
650;647;DE;M;553;551;M40;73;73;03:57:07;03:56:13;288
651;657;DE;M;554;560;M;91;91;03:57:46;03:56:15;1678
652;661;DE;M;555;564;M55;47;47;03:58:01;03:56:17;2014
653;641;DE;M;556;546;M45;67;66;03:56:54;03:56:29;2050
654;645;DE;M;557;549;M45;68;67;03:57:03;03:56:31;1915
655;650;DE;M;558;554;M50;87;87;03:57:19;03:56:38;899
656;670;DE;M;559;571;M;92;93;03:58:20;03:56:41;224
656;655;DE;M;559;558;M;92;90;03:57:41;03:56:41;537
658;667;DE;M;561;568;M50;88;91;03:58:13;03:56:43;1129
659;654;DE;M;562;557;M30;75;75;03:57:35;03:56:44;351
660;659;DE;M;563;562;M50;89;90;03:57:51;03:56:51;2064
661;669;PL;M;564;570;M30;76;76;03:58:17;03:56:53;1334
662;649;;M;565;553;M50;90;86;03:57:08;03:56:57;2116
663;668;DE;M;566;569;M50;91;92;03:58:16;03:56:58;1980
664;678;DE;M;567;579;M55;48;49;03:58:57;03:56:59;1706
665;655;DE;M;568;558;M50;92;89;03:57:41;03:57:00;1089
666;660;DE;M;569;563;M40;74;75;03:58:00;03:57:05;1267
667;676;DE;M;570;577;M45;69;69;03:58:48;03:57:09;2052
668;674;DE;M;571;575;M30;77;78;03:58:37;03:57:19;1083
669;658;DE;M;572;561;M40;75;74;03:57:49;03:57:22;1585
669;673;DE;M;572;574;M30;78;77;03:58:35;03:57:22;1946
671;663;DE;F;98;98;W45;11;11;03:58:05;03:57:23;1462
672;695;DE;M;574;594;M;94;98;03:59:50;03:57:27;1396
672;682;DE;M;574;583;M;94;96;03:59:17;03:57:27;1280
674;664;DE;F;99;99;W45;12;12;03:58:10;03:57:28;848
674;665;DE;M;576;566;M40;76;76;03:58:11;03:57:28;849
676;681;DE;M;577;582;M30;79;80;03:59:10;03:57:29;1659
677;666;DE;M;578;567;M55;49;48;03:58:12;03:57:38;386
678;671;DE;M;579;572;M;96;94;03:58:27;03:57:40;926
679;671;DE;M;580;572;M;97;94;03:58:27;03:57:47;1306
680;680;DE;M;581;581;M30;80;79;03:59:08;03:57:53;1030
681;675;DE;M;582;576;M50;93;93;03:58:46;03:57:56;1665
682;684;DE;F;100;101;W40;12;12;03:59:19;03:58:05;669
683;677;DE;M;583;578;M45;70;70;03:58:56;03:58:06;1808
684;679;DE;M;584;580;M45;71;71;03:59:02;03:58:07;1909
685;692;DE;M;585;591;M40;77;77;03:59:46;03:58:17;623
686;690;US;M;586;589;M30;81;81;03:59:39;03:58:21;540
687;695;DE;M;587;594;M30;82;82;03:59:50;03:58:22;2087
688;682;DE;F;101;100;W30;19;19;03:59:17;03:58:24;231
689;687;DE;M;588;586;M45;72;73;03:59:32;03:58:34;126
690;720;DE;M;589;616;M30;83;85;04:01:11;03:58:40;468
691;703;SE;M;590;602;M35;90;92;04:00:06;03:58:41;994
692;691;DE;M;591;590;M60;19;19;03:59:44;03:58:42;1001
693;699;DE;M;592;598;M;98;101;04:00:01;03:58:45;742
693;698;DE;M;592;597;M;98;100;03:59:58;03:58:45;648
695;689;DE;M;594;588;M35;91;90;03:59:38;03:58:47;543
696;693;DE;M;595;592;M;100;97;03:59:47;03:58:48;1371
696;700;DE;M;595;599;M40;78;78;04:00:03;03:58:48;1288
698;684;KG;M;597;584;M45;73;72;03:59:19;03:58:49;1393
699;697;DE;M;598;596;M;101;99;03:59:56;03:58:55;1351
699;700;DE;M;598;599;M45;74;74;04:00:03;03:58:55;1779
701;708;;M;600;607;M30;84;84;04:00:20;03:58:57;2136
702;707;DE;M;601;606;M50;94;97;04:00:16;03:59:00;1299
703;703;DE;M;602;602;M35;92;92;04:00:06;03:59:10;1423
704;702;DE;M;603;601;M35;93;91;04:00:04;03:59:12;229
705;693;DE;M;604;592;M50;95;96;03:59:47;03:59:13;377
705;712;DE;M;604;611;M45;75;77;04:00:31;03:59:13;778
707;716;DE;M;606;614;M35;94;95;04:00:55;03:59:14;268
708;703;CN;M;607;602;M30;85;83;04:00:06;03:59:15;1822
709;709;GB;M;608;608;M45;76;75;04:00:22;03:59:20;1127
709;686;DE;M;608;585;M50;96;94;03:59:25;03:59:20;1729
711;710;DE;M;610;609;M45;77;76;04:00:26;03:59:21;1751
712;706;DE;M;611;605;M35;95;94;04:00:08;03:59:23;1815
713;688;DE;M;612;587;M50;97;95;03:59:36;03:59:25;1608
714;713;DE;M;613;612;M60;20;20;04:00:33;03:59:39;1902
715;711;DE;M;614;610;M40;79;79;04:00:30;03:59:49;1677
715;715;DE;F;102;102;W35;14;14;04:00:51;03:59:49;118
717;716;DE;F;103;103;W;34;34;04:00:55;03:59:50;759
718;729;DE;M;615;625;M;102;104;04:01:35;03:59:51;1941
719;740;;M;616;632;M40;80;81;04:02:18;03:59:53;2131
720;733;DE;M;617;628;M30;86;88;04:02:00;03:59:58;2048
721;718;DE;F;104;104;W40;13;13;04:01:01;04:00:02;485
721;738;NL;F;104;107;W30;20;20;04:02:14;04:00:02;1587
723;726;SE;M;618;622;M40;81;80;04:01:29;04:00:03;1072
724;723;DE;M;619;619;M;103;102;04:01:24;04:00:07;874
725;722;DE;M;620;618;M55;50;50;04:01:22;04:00:09;311
726;724;DE;M;621;620;M;104;103;04:01:25;04:00:10;1510
727;721;DE;M;622;617;M45;78;78;04:01:17;04:00:19;1090
727;714;;M;622;613;M50;98;98;04:00:41;04:00:19;2111
729;727;DE;M;624;623;M45;79;79;04:01:30;04:00:22;1861
730;719;DE;M;625;615;M35;96;96;04:01:04;04:00:25;1049
731;725;DE;M;626;621;M30;87;86;04:01:28;04:00:35;294
732;742;DE;M;627;633;M;105;107;04:02:25;04:00:39;283
733;731;DE;F;106;105;W35;15;15;04:01:41;04:00:45;193
734;734;DE;M;628;629;M;106;106;04:02:01;04:00:51;1198
735;728;DE;M;629;624;M30;88;87;04:01:32;04:00:58;1259
736;732;DE;M;630;627;M75;1;1;04:01:52;04:01:01;1101
737;744;DE;M;631;635;M;107;109;04:02:41;04:01:06;158
737;736;DE;F;107;106;W50;8;8;04:02:12;04:01:06;1703
739;736;DE;M;632;631;M35;97;97;04:02:12;04:01:07;714
740;741;DE;F;108;109;W;35;36;04:02:21;04:01:15;1273
741;730;DE;M;633;626;M;108;105;04:01:38;04:01:16;1686
741;747;DE;F;109;111;W;36;37;04:03:01;04:01:16;1554
743;748;DE;M;634;637;M;109;110;04:03:02;04:01:17;1574
744;738;DE;F;110;107;W;37;35;04:02:14;04:01:26;1575
745;745;DE;M;635;636;M50;99;99;04:02:59;04:01:32;1966
746;745;DE;F;111;110;W30;21;21;04:02:59;04:01:36;1373
747;754;DE;M;636;642;M30;89;89;04:03:41;04:01:40;1590
748;735;DE;M;637;630;M60;21;21;04:02:03;04:01:51;1653
749;760;DE;M;638;645;M30;90;90;04:04:37;04:02:04;708
750;751;DE;F;112;112;W;38;38;04:03:23;04:02:05;293
751;755;DE;F;113;113;W;39;39;04:03:44;04:02:06;1527
752;749;DE;M;639;638;M50;100;100;04:03:07;04:02:09;571
753;753;DE;M;640;641;M55;51;51;04:03:39;04:02:15;1115
754;743;DE;M;641;634;M;110;108;04:02:40;04:02:20;1121
755;750;AT;M;642;639;M50;101;101;04:03:11;04:02:27;1040
756;752;DE;M;643;640;M65;10;10;04:03:37;04:03:08;735
757;756;DE;M;644;643;M35;98;98;04:03:48;04:03:09;409
758;757;DE;M;645;644;M60;22;22;04:04:05;04:03:15;1626
759;759;DE;F;114;115;W30;22;22;04:04:35;04:03:19;461
760;758;DE;F;115;114;W40;14;14;04:04:20;04:03:23;1378
761;766;DE;M;646;649;M50;102;102;04:05:18;04:03:37;1477
762;765;DE;F;116;117;W55;5;5;04:04:58;04:03:41;1304
763;764;DE;M;647;648;M55;52;52;04:04:53;04:03:50;1565
763;761;DE;M;647;646;M35;99;99;04:04:50;04:03:50;1582
765;761;DE;M;649;646;M35;100;99;04:04:50;04:03:51;1209
766;761;DE;F;117;116;W45;13;13;04:04:50;04:03:59;663
767;769;DE;F;118;119;W30;23;23;04:05:35;04:04:07;1749
768;768;DE;M;650;650;M40;82;82;04:05:34;04:04:40;1750
769;767;DE;F;119;118;W;40;40;04:05:21;04:04:43;1991
770;774;DE;M;651;655;M45;80;80;04:06:10;04:04:45;1694
771;772;DE;M;652;653;M55;53;54;04:05:56;04:04:46;212
772;770;DE;M;653;651;M65;11;11;04:05:55;04:04:55;1508
773;773;DE;M;654;654;M40;83;83;04:06:03;04:04:56;960
774;779;DE;F;120;123;W35;16;17;04:06:37;04:05:12;1397
775;780;DE;M;655;657;M40;84;84;04:06:38;04:05:15;1170
776;777;DE;F;121;121;W;41;41;04:06:21;04:05:19;1057
777;784;DE;F;122;125;W40;15;15;04:06:54;04:05:20;488
778;770;DE;M;656;651;M55;54;53;04:05:55;04:05:24;1109
779;782;DE;M;657;659;M30;91;91;04:06:47;04:05:25;1370
779;783;DE;F;123;124;W30;24;24;04:06:50;04:05:25;2009
781;775;DE;F;124;120;W35;17;16;04:06:13;04:05:28;432
781;776;DE;M;658;656;M45;81;81;04:06:14;04:05:28;431
783;787;DE;F;125;127;W45;14;14;04:07:26;04:05:38;1520
784;781;DE;M;659;658;M40;85;85;04:06:46;04:05:47;437
785;791;DE;M;660;664;M45;82;83;04:07:36;04:05:48;1853
786;786;DE;F;126;126;W30;25;25;04:07:09;04:05:53;1316
787;796;DE;M;661;668;M;111;112;04:07:50;04:05:57;296
788;778;DE;F;127;122;W50;9;9;04:06:25;04:05:58;1447
789;794;DE;M;662;666;M35;101;102;04:07:44;04:06:03;404
790;785;DE;M;663;660;M35;102;101;04:06:58;04:06:09;1039
791;798;DE;M;664;670;M;112;113;04:08:01;04:06:15;1759
792;788;DE;M;665;661;M45;83;82;04:07:27;04:06:17;1624
793;793;DE;F;128;128;W;42;42;04:07:43;04:06:37;745
794;789;DE;M;666;662;M40;86;86;04:07:29;04:06:49;2068
795;792;DE;M;667;665;M50;103;103;04:07:41;04:06:52;106
796;797;DE;M;668;669;M55;55;56;04:07:54;04:06:53;1497
797;790;DE;M;669;663;M55;56;55;04:07:31;04:06:56;1496
797;799;DE;M;669;671;M40;87;87;04:08:23;04:06:56;738
799;795;DE;M;671;667;M;113;111;04:07:46;04:07:01;912
800;802;DE;M;672;673;M;114;114;04:08:43;04:07:03;1550
801;805;DE;M;673;674;M45;84;84;04:08:50;04:07:17;1948
802;804;DE;F;129;131;W55;6;6;04:08:47;04:07:37;1096
803;806;DE;F;130;132;W65;1;1;04:08:59;04:07:38;1523
804;800;DE;F;131;129;W;43;43;04:08:39;04:07:53;1597
805;813;DE;M;674;680;M50;104;104;04:09:44;04:07:54;1733
806;810;DE;M;675;677;M40;88;89;04:09:14;04:07:56;996
806;808;DE;F;132;133;W60;2;2;04:09:12;04:07:56;1658
808;808;DE;M;676;676;M40;89;88;04:09:12;04:08:03;1793
809;812;DE;M;677;679;M;115;115;04:09:39;04:08:04;790
810;801;DE;M;678;672;M55;57;57;04:08:42;04:08:15;1464
811;803;MX;F;133;130;W35;18;18;04:08:45;04:08:17;1481
812;821;;M;679;685;M60;23;24;04:10:24;04:08:18;2127
813;815;DE;M;680;682;M45;85;85;04:09:50;04:08:31;974
814;807;DE;M;681;675;M55;58;58;04:09:00;04:08:37;1642
815;814;DE;M;682;681;M60;24;23;04:09:46;04:08:42;298
816;817;DE;F;134;135;W;44;44;04:09:56;04:08:47;274
817;816;DE;F;135;134;W30;26;26;04:09:54;04:08:52;1032
818;818;DE;F;136;136;W40;16;16;04:10:14;04:08:57;1672
819;826;DE;M;683;690;M35;103;103;04:10:47;04:08:58;967
820;824;DE;M;684;688;M30;92;92;04:10:31;04:09:08;1058
821;822;DE;M;685;686;M40;90;90;04:10:29;04:09:16;1361
822;811;DE;M;686;678;M55;59;59;04:09:33;04:09:17;207
823;819;DE;M;687;683;M55;60;60;04:10:17;04:09:26;180
824;836;DE;M;688;698;M;116;117;04:11:23;04:09:30;1147
825;836;DE;M;689;698;M;117;117;04:11:23;04:09:31;
826;820;DE;M;690;684;M65;12;12;04:10:22;04:09:32;1128
827;827;DE;M;691;691;M30;93;93;04:10:51;04:09:33;1716
828;829;DE;M;692;692;M55;61;62;04:10:57;04:09:38;922
829;825;DE;M;693;689;M45;86;86;04:10:44;04:09:49;130
830;841;DE;M;694;703;M55;62;64;04:11:41;04:09:54;1425
830;828;DE;F;137;137;W;45;45;04:10:53;04:09:54;1252
832;855;DE;M;695;711;M;118;122;04:12:05;04:09:57;1754
833;844;DE;M;696;706;M40;91;92;04:11:45;04:10:00;478
834;832;DE;F;138;138;W45;15;15;04:11:13;04:10:02;1664
835;842;DE;M;697;704;M;119;120;04:11:43;04:10:05;2042
836;842;DE;M;698;704;M;120;120;04:11:43;04:10:06;812
837;829;DE;M;699;692;M50;105;105;04:10:57;04:10:08;1166
838;823;DE;M;700;687;M55;63;61;04:10:30;04:10:12;328
839;835;DE;M;701;697;M50;106;106;04:11:20;04:10:13;228
840;852;DE;F;139;142;W35;19;19;04:11:58;04:10:17;1798
841;847;DE;F;140;139;W50;10;10;04:11:47;04:10:19;227
841;839;DE;M;702;701;M50;107;107;04:11:31;04:10:19;217
843;840;DE;M;703;702;M;121;119;04:11:32;04:10:20;216
843;849;DE;F;141;140;W40;17;17;04:11:54;04:10:20;1177
845;845;DE;M;704;707;M30;94;94;04:11:46;04:10:28;524
846;860;DE;M;705;715;M;122;124;04:12:13;04:10:31;1296
847;857;DE;F;142;145;W30;27;27;04:12:06;04:10:35;1031
848;851;DE;F;143;141;W;46;46;04:11:57;04:10:40;1247
848;834;DE;M;706;696;M;123;116;04:11:16;04:10:40;873
850;866;DE;M;707;718;M35;104;104;04:12:37;04:10:44;590
850;833;DE;M;707;695;M55;64;63;04:11:14;04:10:44;1961
850;859;DE;M;707;714;M30;95;95;04:12:09;04:10:44;1583
853;858;DE;M;710;713;M;124;123;04:12:07;04:10:49;252
854;861;DE;M;711;716;M30;96;96;04:12:26;04:10:50;502
855;845;DE;M;712;707;M40;92;93;04:11:46;04:10:55;484
855;870;DE;M;712;722;M45;87;89;04:12:46;04:10:55;1745
857;849;DE;M;714;710;M50;108;108;04:11:54;04:10:57;436
858;831;DE;M;715;694;M40;93;91;04:11:07;04:11:02;1907
859;866;DE;M;716;718;M30;97;97;04:12:37;04:11:05;992
859;866;DE;M;716;718;M;125;125;04:12:37;04:11:05;1110
861;838;DE;M;718;700;M65;13;13;04:11:25;04:11:06;1645
862;848;DE;M;719;709;M40;94;94;04:11:50;04:11:10;593
863;875;DE;F;144;149;W45;16;19;04:13:08;04:11:11;1505
863;871;DE;M;720;723;M35;105;105;04:12:48;04:11:11;1383
863;877;DE;F;144;150;W45;16;20;04:13:09;04:11:11;1293
866;855;DE;M;721;711;M45;88;87;04:12:05;04:11:16;1412
866;853;DE;F;146;143;W45;18;16;04:12:04;04:11:16;1411
868;865;DE;M;722;717;M50;109;109;04:12:36;04:11:20;808
869;853;DE;F;147;143;W40;18;18;04:12:04;04:11:26;489
870;861;DE;F;148;146;W45;19;17;04:12:26;04:11:33;1159
871;864;DE;F;149;148;W45;20;18;04:12:34;04:11:34;1873
872;863;DE;F;150;147;W40;19;19;04:12:32;04:11:39;587
873;869;DE;M;723;721;M45;89;88;04:12:41;04:11:46;906
874;872;DE;M;724;724;M55;65;65;04:12:50;04:11:51;337
874;887;DE;M;724;735;M35;106;106;04:13:55;04:11:51;713
876;874;DE;M;726;726;M;126;126;04:13:04;04:11:58;658
876;875;DE;M;726;727;M50;110;110;04:13:08;04:11:58;1482
878;883;DE;F;151;152;W;47;48;04:13:38;04:12:04;595
879;880;DE;M;728;730;M60;25;26;04:13:32;04:12:05;981
880;886;DE;M;729;734;M50;111;113;04:13:48;04:12:16;226
881;904;DE;M;730;749;M55;66;67;04:15:01;04:12:20;1234
881;881;DE;M;730;731;M30;98;98;04:13:35;04:12:20;877
883;882;;F;152;151;W;48;47;04:13:36;04:12:22;2118
884;873;NL;M;732;725;M65;14;14;04:12:56;04:12:23;1139
885;892;DE;M;733;738;M55;67;66;04:14:21;04:12:25;141
886;891;DE;M;734;737;M;127;128;04:14:16;04:12:26;754
887;884;DE;M;735;732;M65;15;15;04:13:40;04:12:44;2402
888;885;DE;M;736;733;M50;112;112;04:13:42;04:12:49;1568
889;878;DE;M;737;728;M60;26;25;04:13:15;04:12:50;1810
890;898;DE;M;738;743;M35;107;107;04:14:38;04:12:52;1792
891;889;DE;F;153;154;W45;21;21;04:14:13;04:12:55;1243
892;888;DE;F;154;153;W35;20;20;04:14:04;04:12:57;932
892;890;DE;M;739;736;M;128;127;04:14:14;04:12:57;1224
894;896;DE;F;155;155;W40;20;20;04:14:34;04:13:05;1899
895;879;DE;M;740;729;M50;113;111;04:13:31;04:13:06;1142
896;899;DE;M;741;744;M40;95;95;04:14:39;04:13:08;1898
897;893;DE;M;742;739;M;129;129;04:14:24;04:13:09;1350
898;895;DE;M;743;741;M;130;131;04:14:32;04:13:12;756
899;905;DE;M;744;750;M45;90;90;04:15:05;04:13:21;219
900;902;DE;M;745;747;M50;114;115;04:14:53;04:13:23;1842
900;908;DE;M;745;753;M60;27;28;04:15:16;04:13:23;1185
902;900;DE;M;747;745;M;131;132;04:14:50;04:13:25;913
903;901;DE;M;748;746;M50;115;114;04:14:51;04:13:37;1601
904;897;DE;M;749;742;M60;28;27;04:14:37;04:13:40;1823
905;893;DE;M;750;739;M;132;129;04:14:24;04:13:41;1154
906;911;DE;M;751;756;M40;96;96;04:15:30;04:13:52;1728
907;922;DE;M;752;763;M;133;134;04:16:13;04:13:53;923
908;909;DE;M;753;754;M35;108;108;04:15:17;04:13:54;657
909;910;DE;M;754;755;M55;68;68;04:15:25;04:13:58;494
910;912;DE;M;755;757;M55;69;69;04:15:35;04:14:00;192
911;906;DE;M;756;751;M45;91;91;04:15:10;04:14:08;154
912;903;DE;M;757;748;M50;116;116;04:14:57;04:14:12;944
913;907;DE;M;758;752;M45;92;92;04:15:11;04:14:20;1996
914;914;DE;M;759;759;M65;16;16;04:15:38;04:14:33;1850
915;913;DE;M;760;758;M40;97;97;04:15:37;04:14:35;376
916;914;DE;M;761;759;M45;93;93;04:15:38;04:14:36;390
917;916;DE;F;156;156;W45;22;22;04:15:39;04:14:41;366
918;930;DE;M;762;770;M45;94;94;04:16:40;04:14:52;304
919;917;DE;M;763;761;M;134;133;04:15:59;04:14:54;940
920;927;DE;M;764;767;M50;117;119;04:16:31;04:14:56;977
920;919;DE;F;157;158;W50;11;11;04:16:09;04:14:56;668
922;920;DE;F;158;159;W;49;49;04:16:10;04:14:58;367
922;923;DE;F;158;160;W45;23;23;04:16:20;04:14:58;1856
924;924;DE;M;765;764;M;135;135;04:16:26;04:15:00;1076
925;921;DE;M;766;762;M50;118;117;04:16:12;04:15:03;1507
926;925;DE;M;767;765;M30;99;99;04:16:28;04:15:04;189
927;931;DE;F;160;161;W50;12;12;04:16:54;04:15:07;760
928;918;PL;F;161;157;W35;21;21;04:16:08;04:15:12;1612
929;929;DE;M;768;769;M55;70;70;04:16:39;04:15:18;1869
930;926;DE;M;769;766;M50;119;118;04:16:30;04:15:21;1619
930;932;DE;M;769;771;M30;100;100;04:17:07;04:15:21;281
932;928;DE;M;771;768;M;136;136;04:16:33;04:15:42;1841
933;933;DE;M;772;772;M45;95;95;04:17:09;04:15:55;634
934;944;DE;M;773;778;M50;120;121;04:17:37;04:15:57;1394
935;947;NL;M;774;780;M35;109;111;04:17:45;04:15:59;676
936;950;DE;F;162;169;W30;28;28;04:18:00;04:16:10;1904
937;944;DE;F;163;167;W45;24;24;04:17:37;04:16:11;1206
938;951;DE;M;775;782;M;137;139;04:18:06;04:16:12;1683
939;934;DE;M;776;773;M50;121;120;04:17:10;04:16:14;821
940;954;DE;M;777;785;M35;110;112;04:18:13;04:16:17;177
941;939;DE;F;164;165;W60;3;3;04:17:22;04:16:19;789
942;946;DE;M;778;779;M50;122;122;04:17:40;04:16:32;1760
943;951;DE;M;779;782;M55;71;71;04:18:06;04:16:36;1158
944;941;PL;F;165;166;W50;13;13;04:17:27;04:16:37;1387
945;937;DE;M;780;774;M35;111;109;04:17:13;04:16:39;1923
946;953;DE;M;781;784;M50;123;123;04:18:09;04:16:40;872
947;956;DE;M;782;786;M;138;140;04:18:35;04:16:43;665
948;942;DE;M;783;776;M45;96;96;04:17:32;04:16:45;1599
949;955;DE;F;166;170;W45;25;26;04:18:23;04:16:50;2708
950;935;DE;F;167;162;W;50;50;04:17:11;04:16:52;450
951;936;DE;F;168;163;W;51;51;04:17:12;04:16:53;447
952;942;DE;M;784;776;M;139;137;04:17:32;04:16:55;1219
953;940;DE;M;785;775;M35;112;110;04:17:26;04:16:56;1220
954;938;DE;F;169;164;W;52;52;04:17:15;04:16:57;448
955;948;DE;M;786;781;M;140;138;04:17:49;04:17:05;1605
956;949;DE;F;170;168;W45;26;25;04:17:54;04:17:08;472
957;961;DE;M;787;790;M40;98;98;04:18:52;04:17:09;345
958;958;DE;M;788;787;M30;101;101;04:18:46;04:17:23;1066
959;957;US;F;171;171;W50;14;14;04:18:37;04:17:42;1830
960;970;DE;M;789;798;M60;29;30;04:19:49;04:17:49;1929
961;964;DE;M;790;793;M55;72;72;04:19:12;04:17:51;1221
962;963;DE;M;791;792;M;141;141;04:19:05;04:17:58;1227
963;973;DE;M;792;799;M60;30;31;04:19:58;04:18:00;1176
964;968;DE;M;793;797;M60;31;29;04:19:40;04:18:03;1788
965;962;DE;M;794;791;M30;102;103;04:19:01;04:18:05;1944
966;974;DE;M;795;800;M35;113;114;04:20:16;04:18:12;185
967;960;DE;M;796;789;M30;103;102;04:18:50;04:18:14;480
968;967;HU;M;797;796;M50;124;124;04:19:35;04:18:15;1880
969;972;DE;F;172;174;W45;27;28;04:19:56;04:18:33;2059
970;959;DE;M;798;788;M35;114;113;04:18:49;04:18:34;1358
971;965;DE;M;799;794;M55;73;73;04:19:30;04:18:46;1271
972;969;DE;F;173;172;W45;28;27;04:19:44;04:18:47;469
973;965;DE;M;800;794;M45;97;97;04:19:30;04:18:48;259
974;975;DE;M;801;801;M40;99;99;04:20:33;04:18:58;1263
975;971;DE;F;174;173;W50;15;15;04:19:50;04:19:06;1777
976;981;DE;F;175;177;W40;21;21;04:21:23;04:19:13;1734
977;976;DE;F;176;175;W30;29;29;04:20:49;04:19:15;573
978;977;NL;M;802;802;M50;125;125;04:21:06;04:19:25;930
979;984;DE;M;803;807;M;142;143;04:21:38;04:19:34;1549
980;982;;M;804;805;M;143;142;04:21:29;04:19:41;2128
981;983;DE;M;805;806;M30;104;104;04:21:35;04:19:53;1732
982;986;DE;M;806;809;M50;126;126;04:21:50;04:19:56;1570
982;985;DE;M;806;808;M60;32;32;04:21:42;04:19:56;2326
984;978;;M;808;803;M55;74;74;04:21:10;04:20:23;2105
985;994;DE;F;177;181;W50;16;17;04:22:40;04:20:29;1742
986;980;SI;M;809;804;M55;75;75;04:21:17;04:20:32;1486
987;979;DE;F;178;176;W50;17;16;04:21:12;04:20:42;2026
988;993;DE;M;810;813;M65;17;17;04:22:36;04:20:48;1124
989;989;SI;F;179;179;W45;29;29;04:22:30;04:20:50;993
989;987;DE;F;179;178;W35;22;22;04:22:00;04:20:50;1623
991;992;DE;M;811;812;M55;76;76;04:22:32;04:20:56;1515
992;988;DE;M;812;810;M50;127;127;04:22:25;04:21:03;948
993;999;DE;F;181;182;W40;22;22;04:23:13;04:21:08;644
994;1000;DE;M;813;818;M35;115;115;04:23:28;04:21:29;743
995;994;DE;M;814;814;M55;77;77;04:22:40;04:21:42;344
996;990;DE;F;182;180;W55;7;7;04:22:31;04:21:50;2044
996;990;DE;M;815;811;M50;128;128;04:22:31;04:21:50;947
998;996;DE;M;816;815;M55;78;78;04:23:07;04:21:58;145
999;1003;DE;M;817;821;M30;105;105;04:23:56;04:22:16;1566
1000;1001;DE;M;818;819;M50;129;129;04:23:50;04:22:17;500
1001;1007;DE;M;819;825;M45;98;98;04:24:19;04:22:20;245
1002;997;DE;M;820;816;M40;100;100;04:23:08;04:22:25;2055
1003;1005;DE;M;821;823;M50;130;130;04:24:12;04:22:26;1708
1004;1008;DE;M;822;826;M60;33;33;04:24:28;04:22:28;1466
1005;1006;DE;M;823;824;M35;116;118;04:24:15;04:22:31;697
1006;998;DE;M;824;817;M;144;144;04:23:11;04:22:39;1116
1007;1016;DE;F;183;183;W50;18;18;04:25:10;04:22:42;857
1008;1010;DE;M;825;828;M35;117;119;04:24:39;04:22:46;1618
1009;1011;NL;M;826;829;M45;99;99;04:24:45;04:22:49;782
1010;1002;DE;M;827;820;M35;118;116;04:23:55;04:22:52;1763
1011;1004;DE;M;828;822;M35;119;117;04:24:09;04:22:54;1571
1012;1023;DE;M;829;839;M30;106;106;04:25:43;04:23:23;1360
1013;1029;DE;M;830;842;M45;100;100;04:26:10;04:23:28;2018
1014;1009;DE;M;831;827;M50;131;131;04:24:30;04:23:42;650
1015;1019;DE;M;832;835;M;145;147;04:25:27;04:23:47;1278
1016;1017;DE;M;833;834;M;146;146;04:25:14;04:23:52;941
1017;1011;DE;M;834;829;M40;101;101;04:24:45;04:23:56;1067
1018;1025;DE;M;835;840;M40;102;104;04:25:48;04:23:57;584
1019;1026;DE;F;184;186;W;53;54;04:25:53;04:24:02;167
1020;1013;DE;M;836;831;M;147;145;04:24:55;04:24:03;1752
1021;1022;DE;M;837;838;M60;34;34;04:25:37;04:24:06;1833
1022;1024;DE;F;185;185;W;54;53;04:25:45;04:24:09;889
1023;1028;DE;F;186;187;W60;4;4;04:26:07;04:24:21;1868
1024;1027;DE;M;838;841;M30;107;107;04:26:02;04:24:23;225
1025;1031;DE;M;839;844;M40;103;105;04:26:15;04:24:24;1133
1026;1014;DE;M;840;832;M40;104;102;04:25:09;04:24:25;1246
1026;1014;DE;M;840;832;M40;104;102;04:25:09;04:24:25;1997
1028;1029;DE;M;842;842;M50;132;133;04:26:10;04:24:30;440
1028;1035;DE;M;842;848;M;148;148;04:26:31;04:24:30;624
1030;1018;FR;F;187;184;W35;23;23;04:25:24;04:24:31;2017
1031;1020;DE;M;844;836;M35;120;120;04:25:28;04:24:32;1796
1032;1043;DE;M;845;855;M;149;150;04:26:51;04:24:37;1717
1033;1035;NL;M;846;848;M50;133;134;04:26:31;04:24:40;1489
1034;1020;DE;M;847;836;M50;134;132;04:25:28;04:24:41;133
1035;1037;DE;F;188;188;W35;24;24;04:26:32;04:24:48;1870
1036;1039;DE;M;848;851;M55;79;79;04:26:42;04:25:03;1839
1037;1042;DE;M;849;854;M30;108;108;04:26:48;04:25:05;1876
1038;1034;DE;M;850;847;M40;106;108;04:26:29;04:25:11;119
1039;1045;DE;F;189;189;W35;25;25;04:27:19;04:25:12;1743
1040;1032;DE;M;851;845;M40;107;106;04:26:26;04:25:19;610
1041;1033;DE;M;852;846;M40;108;107;04:26:28;04:25:20;609
1042;1041;NL;M;853;853;M50;135;136;04:26:47;04:25:29;864
1043;1208;DE;M;854;966;M60;35;42;04:40:53;04:25:30;2007
1044;1038;DE;M;855;850;M50;136;135;04:26:39;04:25:32;1298
1045;1040;DE;M;856;852;M;150;149;04:26:43;04:25:35;1406
1046;1046;DE;F;190;190;W;55;55;04:27:25;04:25:37;1887
1047;1047;DE;F;191;191;W35;26;26;04:27:35;04:25:39;862
1048;1044;DE;M;857;856;M65;18;18;04:27:05;04:25:45;1908
1049;1057;DE;F;192;194;W65;2;2;04:28:39;04:26:00;1696
1050;1049;DE;M;858;858;M35;121;121;04:27:51;04:26:05;1323
1051;1052;DE;M;859;860;M40;109;109;04:28:12;04:26:42;1559
1052;1053;DE;M;860;861;M50;137;137;04:28:22;04:26:45;195
1052;1054;NL;M;860;862;M60;36;35;04:28:38;04:26:45;1547
1054;1050;DE;M;862;859;M55;80;80;04:27:55;04:26:47;1291
1055;1048;DE;M;863;857;M70;3;3;04:27:48;04:26:50;1000
1056;1074;DE;M;864;875;M;151;151;04:29:30;04:26:51;514
1057;1054;DE;F;193;193;W50;19;20;04:28:38;04:26:57;421
1057;1067;DE;M;865;871;M45;101;101;04:29:07;04:26:57;1894
1059;1065;DE;M;866;869;M35;122;123;04:29:00;04:27:02;115
1059;1051;DE;F;194;192;W50;20;19;04:28:07;04:27:02;342
1061;1072;DE;M;867;873;M40;110;110;04:29:26;04:27:09;1015
1062;1062;DE;F;195;196;W65;3;3;04:28:56;04:27:12;1533
1062;1058;DE;M;868;864;M30;109;109;04:28:43;04:27:12;1925
1064;1059;DE;F;196;195;W50;21;21;04:28:50;04:27:19;1993
1065;1068;DE;F;197;197;W35;27;27;04:29:08;04:27:26;249
1065;1068;DE;F;197;197;W35;27;27;04:29:08;04:27:26;250
1065;1064;DE;M;869;868;M60;37;36;04:28:59;04:27:26;1085
1068;1060;DE;M;870;865;M30;110;110;04:28:54;04:27:33;656
1069;1054;DE;M;871;862;M70;4;4;04:28:38;04:27:37;2520
1070;1073;DE;M;872;874;M50;138;138;04:29:29;04:27:39;1524
1071;1077;DE;F;199;201;W60;5;5;04:29:43;04:27:41;1405
1072;1070;DE;M;873;872;M55;81;82;04:29:13;04:27:45;1201
1073;1071;DE;F;200;199;W30;30;30;04:29:25;04:27:50;1415
1074;1083;DE;M;874;881;M55;82;86;04:29:55;04:28:01;1352
1075;1086;DE;M;875;884;M45;102;103;04:30:04;04:28:03;1985
1076;1075;DE;M;876;876;M35;123;124;04:29:33;04:28:04;1722
1077;1088;DE;M;877;886;M55;83;89;04:30:10;04:28:07;1797
1078;1066;DE;M;878;870;M55;84;81;04:29:05;04:28:08;1872
1079;1093;DE;M;879;890;M65;19;19;04:30:14;04:28:12;1600
1080;1091;DE;M;880;888;M40;111;111;04:30:12;04:28:13;775
1081;1088;DE;F;201;203;W45;30;30;04:30:10;04:28:14;1825
1082;1061;DE;M;881;866;M35;124;122;04:28:55;04:28:15;591
1082;1076;DE;F;202;200;W;56;56;04:29:39;04:28:15;184
1084;1094;DE;M;882;891;M;152;153;04:30:15;04:28:18;1172
1085;1084;DE;M;883;882;M55;85;87;04:29:57;04:28:22;2053
1086;1079;DE;M;884;878;M55;86;84;04:29:48;04:28:28;1854
1087;1096;DE;M;885;893;M;153;154;04:30:26;04:28:31;1776
1087;1098;DE;M;885;895;M65;20;20;04:30:29;04:28:31;1846
1089;1087;DE;M;887;885;M35;125;125;04:30:06;04:28:34;1205
1090;1063;CO;M;888;867;M30;111;111;04:28:58;04:28:40;1283
1091;1102;DE;M;889;899;M;154;155;04:30:50;04:28:43;721
1091;1102;DE;F;203;204;W;57;57;04:30:50;04:28:43;722
1093;1081;DE;F;204;202;W35;29;29;04:29:53;04:28:44;1952
1094;1095;DE;M;890;892;M45;103;104;04:30:21;04:28:45;1269
1095;1082;GB;M;891;880;M55;87;85;04:29:54;04:28:47;1949
1096;1101;DE;M;892;898;M45;104;105;04:30:44;04:28:48;1818
1097;1099;DE;M;893;896;M70;5;5;04:30:33;04:28:55;1962
1098;1085;DE;M;894;883;M55;88;88;04:30:00;04:29:05;1453
1099;1091;DE;M;895;888;M50;139;139;04:30:12;04:29:06;1636
1100;1090;DE;M;896;887;M;155;152;04:30:11;04:29:22;1429
1101;1078;DE;M;897;877;M55;89;83;04:29:47;04:29:23;2002
1102;1108;DE;M;898;903;M35;126;126;04:31:51;04:29:29;457
1103;1097;DE;M;899;894;M55;90;90;04:30:28;04:29:32;391
1104;1080;DE;M;900;879;M45;105;102;04:29:52;04:29:36;1168
1105;1115;DE;M;901;910;M;156;156;04:32:22;04:29:45;467
1106;1105;DE;M;902;900;M55;91;91;04:31:03;04:29:51;65
1106;1104;DE;F;205;205;W55;8;8;04:31:02;04:29:51;1879
1108;1112;DE;M;903;907;M30;112;115;04:32:16;04:29:57;719
1109;1100;DE;M;904;897;M30;113;112;04:30:36;04:30:00;897
1110;1113;DE;M;905;908;M55;92;93;04:32:18;04:30:21;616
1111;1110;DE;M;906;905;M30;114;114;04:32:03;04:30:25;869
1112;1106;DE;M;907;901;M60;38;37;04:31:16;04:30:34;1092
1112;1117;;M;907;912;M60;38;38;04:32:39;04:30:34;2126
1114;1118;DE;F;206;206;W45;31;31;04:32:40;04:30:36;1181
1115;1120;DE;M;909;913;M60;40;39;04:32:45;04:30:39;1741
1116;1114;DE;M;910;909;M50;140;141;04:32:21;04:30:46;172
1117;1107;DE;M;911;902;M55;93;92;04:31:48;04:30:51;1897
1118;1109;DE;M;912;904;M30;115;113;04:31:58;04:30:55;1029
1119;1119;NL;F;207;207;W55;9;9;04:32:41;04:31:03;1614
1120;1122;DE;M;913;915;M;157;157;04:32:56;04:31:16;758
1121;1115;MX;M;914;910;M40;112;112;04:32:22;04:31:18;771
1122;1123;NL;F;208;208;W45;32;32;04:33:07;04:31:19;629
1123;1126;DE;M;915;916;M30;116;116;04:33:09;04:31:25;1374
1123;1128;DE;F;209;211;W35;30;30;04:33:20;04:31:25;846
1125;1131;DE;M;916;920;M40;113;114;04:33:34;04:31:27;159
1126;1111;DE;M;917;906;M50;141;140;04:32:12;04:31:38;1860
1127;1131;;F;210;212;W30;31;31;04:33:34;04:31:43;2133
1127;1131;DE;M;918;920;M40;114;114;04:33:34;04:31:43;218
1129;1134;DE;M;919;922;M45;106;106;04:33:42;04:31:44;1698
1130;1127;DE;M;920;917;M55;94;94;04:33:13;04:31:59;1974
1131;1124;DE;F;211;209;W45;33;33;04:33:08;04:32:04;903
1131;1124;DE;F;211;209;W;58;58;04:33:08;04:32:04;904
1133;1136;DE;F;213;213;W;59;59;04:34:04;04:32:05;2043
1134;1137;DE;F;214;214;W30;32;32;04:34:05;04:32:06;1668
1135;1121;DE;M;921;914;M50;142;142;04:32:53;04:32:10;2022
1136;1138;DE;M;922;924;M60;41;40;04:34:20;04:32:34;1713
1137;1138;DE;F;215;215;W60;6;6;04:34:20;04:32:35;1714
1137;1142;DE;F;215;216;W35;31;31;04:34:44;04:32:35;902
1139;1140;DE;M;923;925;M40;115;116;04:34:40;04:32:39;521
1140;1129;DE;M;924;918;M40;116;113;04:33:30;04:32:48;272
1141;1141;DE;M;925;926;M65;21;21;04:34:43;04:32:56;264
1142;1145;DE;M;926;927;M55;95;95;04:34:56;04:32:58;679
1142;1145;DE;F;217;219;W35;32;32;04:34:56;04:32:58;246
1144;1143;DE;F;218;217;W30;33;33;04:34:47;04:33:07;1446
1145;1144;DE;F;219;218;W30;34;34;04:34:52;04:33:12;1321
1146;1152;DE;M;927;931;M50;143;143;04:35:47;04:33:19;1581
1147;1129;DE;M;928;918;M30;117;117;04:33:30;04:33:30;1009
1148;1147;DE;F;220;220;W;60;60;04:35:02;04:33:32;1073
1149;1151;DE;M;929;930;M40;117;117;04:35:44;04:33:47;148
1150;1135;DE;M;930;923;M45;107;107;04:33:56;04:33:49;2512
1151;1150;DE;F;221;221;W30;35;35;04:35:43;04:34:05;1384
1152;1148;DE;M;931;928;M45;108;108;04:35:20;04:34:07;1281
1153;1156;DE;F;222;222;W40;23;23;04:36:41;04:34:40;1957
1154;1149;DE;M;932;929;M35;127;127;04:35:42;04:34:50;230
1155;1157;DE;F;223;223;W55;10;10;04:36:43;04:34:51;1641
1156;1162;;M;933;938;M40;118;118;04:37:26;04:34:59;2092
1157;1154;DE;M;934;933;M55;96;96;04:36:22;04:35:18;343
1158;1161;DE;M;935;937;M35;128;128;04:37:25;04:35:31;886
1158;1155;DE;M;935;934;M45;109;109;04:36:37;04:35:31;1889
1160;1153;PL;M;937;932;M50;144;144;04:36:12;04:35:43;1541
1161;1164;DE;M;938;939;M55;97;97;04:37:53;04:35:45;439
1162;1160;DE;M;939;936;M45;110;110;04:37:22;04:35:46;1302
1163;1166;DE;M;940;941;M;158;158;04:37:58;04:35:55;1229
1164;1174;DE;M;941;946;M55;98;99;04:38:28;04:36:10;1492
1164;1158;DE;F;224;224;W50;22;22;04:36:55;04:36:10;1152
1166;1176;DE;F;225;229;W45;34;35;04:38:33;04:36:13;507
1166;1177;DE;M;942;948;M50;145;148;04:38:34;04:36:13;1556
1168;1177;DE;F;226;230;W40;24;24;04:38:34;04:36:15;1555
1169;1159;DE;M;943;935;M50;146;145;04:37:08;04:36:17;1912
1169;1182;DE;F;227;231;W30;36;37;04:38:46;04:36:17;1878
1171;1163;DE;F;228;225;W45;35;34;04:37:29;04:36:18;1132
1172;1168;DE;M;944;943;M;159;160;04:38:12;04:36:24;1569
1173;1173;DE;F;229;228;W35;33;34;04:38:27;04:36:25;1530
1174;1172;DE;F;230;227;W30;37;36;04:38:24;04:36:28;958
1175;1167;;M;945;942;M;160;159;04:38:09;04:36:30;2096
1176;1175;DE;M;946;947;M35;129;129;04:38:31;04:36:34;1864
1177;1179;DE;M;947;949;M55;99;100;04:38:38;04:36:37;891
1178;1184;DE;M;948;953;M;161;162;04:38:56;04:37:07;2049
1179;1186;DE;M;949;954;M50;147;150;04:39:05;04:37:11;1294
1180;1187;DE;M;950;955;M55;100;101;04:39:13;04:37:12;1627
1180;1189;DE;M;950;957;M60;42;41;04:39:14;04:37:12;1630
1182;1191;DE;M;952;958;M55;101;102;04:39:16;04:37:18;413
1183;1165;DE;M;953;940;M50;148;146;04:37:57;04:37:27;750
1184;1194;DE;F;231;236;W30;38;39;04:39:22;04:37:30;1211
1185;1187;DE;M;954;955;M40;119;120;04:39:13;04:37:32;142
1186;1171;;M;955;945;M50;149;147;04:38:19;04:37:33;2120
1187;1170;DE;F;232;226;W35;34;33;04:38:18;04:37:34;1757
1188;1195;DE;M;956;959;M;162;163;04:39:32;04:37:38;730
1189;1190;DE;F;233;233;W45;36;36;04:39:15;04:37:42;1331
1190;1198;DE;F;234;237;W;61;63;04:40:04;04:37:43;1065
1190;1192;DE;F;234;234;W;61;62;04:39:19;04:37:43;1017
1192;1169;;M;957;944;M55;102;98;04:38:15;04:37:45;2113
1193;1180;DE;M;958;950;M50;150;149;04:38:40;04:37:48;1367
1194;1185;DE;F;236;232;W;63;61;04:39:00;04:37:49;1091
1195;1199;DE;F;237;238;W55;11;11;04:40:11;04:37:51;1424
1196;1183;DE;M;959;952;M40;120;119;04:38:51;04:37:56;1451
1197;1196;DE;M;960;960;M45;111;111;04:39:39;04:37:57;1654
1198;1202;DE;M;961;962;M;163;165;04:40:27;04:37:58;526
1199;1203;;M;962;963;M50;151;151;04:40:30;04:38:00;2106
1200;1197;DE;M;963;961;M;164;164;04:39:52;04:38:11;510
1201;1201;DE;F;238;240;W30;39;40;04:40:25;04:38:12;1084
1202;1200;DE;F;239;239;W45;37;37;04:40:16;04:38:22;1710
1203;1204;DE;F;240;241;W40;25;25;04:40:36;04:38:26;1137
1204;1181;DE;M;964;951;M;165;161;04:38:41;04:38:41;1070
1205;1193;UA;F;241;235;W30;40;38;04:39:21;04:38:47;1896
1206;1204;NL;F;242;241;W55;12;12;04:40:36;04:38:48;1542
1207;1206;DE;M;965;964;M50;152;152;04:40:39;04:38:54;613
1208;1207;DE;M;966;965;M;166;166;04:40:51;04:39:13;1317
1209;1211;DE;M;967;969;M50;153;153;04:41:27;04:39:28;1969
1210;1210;DE;M;968;968;M55;103;103;04:41:15;04:39:36;1143
1211;1216;DE;F;243;244;W45;38;39;04:41:49;04:39:44;2060
1212;1217;DE;M;969;973;M40;121;121;04:41:51;04:39:45;1099
1213;1212;DE;M;970;970;M50;154;154;04:41:32;04:39:47;871
1214;1239;DE;M;971;991;M60;43;46;04:44:02;04:39:54;361
1215;1223;DE;M;972;978;M50;155;156;04:42:12;04:39:55;1926
1216;1213;DE;M;973;971;M;167;167;04:41:34;04:39:56;1848
1216;1213;DE;M;973;971;M;167;167;04:41:34;04:39:56;1702
1218;1209;DE;M;975;967;M60;44;43;04:41:01;04:40:02;247
1219;1222;DE;M;976;977;M35;130;130;04:42:11;04:40:03;1684
1220;1219;DE;F;244;245;W30;41;41;04:42:00;04:40:06;1354
1221;1215;DE;F;245;243;W45;39;38;04:41:39;04:40:07;819
1222;1224;DE;M;977;979;M;169;170;04:42:23;04:40:18;649
1223;1227;DE;M;978;982;M50;156;157;04:42:48;04:40:24;1400
1224;1226;DE;M;979;981;M;170;171;04:42:47;04:40:25;1399
1224;1218;DE;M;979;974;M55;104;104;04:41:58;04:40:25;1770
1226;1221;DE;M;981;976;M;171;169;04:42:10;04:40:49;1635
1227;1220;DE;M;982;975;M50;157;155;04:42:06;04:41:04;277
1228;1231;DE;M;983;985;M45;112;113;04:43:15;04:41:10;567
1229;1233;DE;F;246;247;W35;35;35;04:43:16;04:41:26;389
1230;1234;DE;M;984;987;M55;105;106;04:43:19;04:41:28;315
1231;1235;NL;F;247;248;W;64;64;04:43:22;04:41:37;680
1232;1230;DE;M;985;984;M55;106;105;04:43:11;04:41:40;1933
1232;1241;DE;M;985;993;M;172;173;04:44:06;04:41:40;491
1232;1240;DE;M;985;992;M40;122;122;04:44:05;04:41:40;1216
1235;1238;DE;M;988;990;M30;118;119;04:44:00;04:41:49;1080
1236;1244;DE;F;248;250;W45;40;41;04:44:23;04:41:53;1044
1237;1228;DE;F;249;246;W45;41;40;04:42:49;04:41:54;105
1237;1228;DE;M;989;983;M45;113;112;04:42:49;04:41:54;303
1239;1225;DE;M;990;980;M60;45;44;04:42:46;04:41:57;1596
1240;1243;DE;M;991;994;M50;158;158;04:44:14;04:42:07;793
1241;1236;DE;M;992;988;M;173;172;04:43:26;04:42:11;1509
1242;1247;DE;F;250;251;W50;23;23;04:44:42;04:42:14;176
1243;1245;DE;M;993;995;M;174;174;04:44:28;04:42:16;1081
1244;1237;DE;M;994;989;M60;46;45;04:43:49;04:42:39;2000
1245;1242;DE;F;251;249;W35;36;36;04:44:12;04:42:42;1680
1245;1231;DE;M;995;985;M30;119;118;04:43:15;04:42:42;937
1247;1248;DE;M;996;997;M30;120;120;04:44:50;04:42:52;116
1248;1255;DE;M;997;1001;M40;123;123;04:45:26;04:42:56;179
1249;1256;DE;M;998;1002;M;175;175;04:45:29;04:42:59;736
1250;1250;DE;M;999;998;M60;47;47;04:45:11;04:43:09;2027
1251;1260;DE;M;1000;1006;M;176;179;04:45:52;04:43:26;1341
1252;1251;DE;F;252;253;W50;24;24;04:45:22;04:43:28;261
1253;1246;DE;M;1001;996;M35;131;131;04:44:38;04:43:35;909
1254;1251;DE;F;253;253;W40;26;26;04:45:22;04:43:36;2083
1255;1253;DE;M;1002;999;M45;114;114;04:45:23;04:43:38;114
1256;1258;DE;M;1003;1004;M;177;177;04:45:37;04:43:40;1525
1257;1261;DE;M;1004;1007;M60;48;49;04:45:56;04:43:56;1910
1258;1265;DE;F;254;255;W45;42;42;04:46:24;04:44:06;1811
1259;1263;DE;M;1005;1009;M50;159;159;04:46:09;04:44:10;1576
1260;1257;DE;M;1006;1003;M;178;176;04:45:36;04:44:15;1148
1261;1249;DE;F;255;252;W55;13;13;04:44:52;04:44:19;1931
1262;1267;DE;M;1007;1012;M30;121;122;04:46:42;04:44:27;401
1263;1264;DE;M;1008;1010;M;179;180;04:46:11;04:44:38;512
1264;1261;DE;M;1009;1007;M30;122;121;04:45:56;04:44:39;360
1265;1265;DE;M;1010;1011;M45;115;115;04:46:24;04:44:52;1330
1266;1254;DE;M;1011;1000;M60;49;48;04:45:25;04:44:55;2025
1267;1272;DE;M;1012;1015;M;180;181;04:47:35;04:45:13;1452
1268;1273;DE;M;1013;1016;M35;132;132;04:47:38;04:45:16;257
1269;1259;DE;M;1014;1005;M;181;178;04:45:51;04:45:27;1340
1270;1268;DE;M;1015;1013;M30;123;123;04:46:45;04:45:31;1197
1271;1270;PT;F;256;257;W50;25;25;04:46:47;04:45:59;1535
1272;1271;DE;M;1016;1014;M55;107;107;04:46:51;04:46:00;1534
1273;1274;DE;F;257;258;W;65;65;04:48:03;04:46:07;1364
1274;1268;DE;F;258;256;W45;43;43;04:46:45;04:46:10;1528
1275;1275;DE;M;1017;1017;M55;108;108;04:48:39;04:46:26;1670
1276;1276;DE;M;1018;1018;M30;124;124;04:48:50;04:47:11;348
1277;1277;DE;M;1019;1019;M55;109;109;04:48:52;04:47:23;1881
1278;1280;DE;F;259;259;W45;44;44;04:49:44;04:47:24;1365
1279;1284;;M;1020;1024;M55;110;110;04:49:52;04:47:27;2119
1280;1281;DE;M;1021;1022;M;182;182;04:49:45;04:47:36;558
1281;1283;DE;M;1022;1023;M;183;183;04:49:51;04:47:43;556
1282;1292;DE;M;1023;1029;M40;124;125;04:50:36;04:48:07;1235
1283;1290;DE;M;1024;1027;M55;111;111;04:50:32;04:48:09;292
1284;1278;DE;M;1025;1020;M40;125;124;04:49:23;04:48:13;1050
1284;1286;;F;260;261;W;66;66;04:50:11;04:48:13;2103
1286;1285;;M;1026;1025;M60;50;50;04:50:10;04:48:14;2104
1287;1282;DE;F;261;260;W30;42;42;04:49:46;04:48:19;1207
1288;1287;DE;M;1027;1026;M45;116;116;04:50:24;04:48:26;729
1288;1287;DE;F;262;262;W45;45;45;04:50:24;04:48:26;853
1290;1294;DE;M;1028;1031;M60;51;52;04:50:54;04:48:37;1178
1291;1289;DE;F;263;263;W30;43;43;04:50:28;04:48:38;1562
1292;1293;DE;M;1029;1030;M60;52;51;04:50:44;04:48:43;1064
1293;1279;DE;M;1030;1021;M30;125;125;04:49:31;04:48:45;2134
1294;1296;DE;M;1031;1033;M40;126;126;04:51:43;04:49:27;429
1295;1295;DE;M;1032;1032;M;184;185;04:51:37;04:49:29;559
1296;1297;DE;M;1033;1034;M50;160;160;04:51:54;04:49:41;422
1297;1300;DE;M;1034;1037;M50;161;161;04:52:32;04:49:53;792
1298;1290;DE;M;1035;1027;M;185;184;04:50:32;04:49:57;256
1299;1298;DE;M;1036;1035;M;186;186;04:52:26;04:50:00;832
1300;1298;DE;M;1037;1035;M;187;186;04:52:26;04:50:01;1369
1301;1301;DE;M;1038;1038;M55;112;112;04:52:34;04:50:03;1778
1302;1303;DE;F;264;265;W;67;67;04:52:54;04:50:26;1789
1303;1304;DE;F;265;266;W75;1;1;04:53:02;04:50:34;1546
1304;1302;DE;F;266;264;W45;46;46;04:52:52;04:51:11;1062
1305;1308;DE;M;1039;1042;M30;126;126;04:53:18;04:51:14;1218
1306;1304;DE;M;1040;1039;M50;162;162;04:53:02;04:51:18;915
1307;1306;DE;M;1041;1040;M50;163;163;04:53:03;04:51:19;910
1307;1310;PT;M;1041;1043;M55;113;113;04:53:26;04:51:19;1118
1309;1317;DE;M;1043;1048;M55;114;114;04:53:56;04:51:28;1886
1310;1318;DE;M;1044;1049;M40;127;127;04:54:03;04:51:34;1327
1310;1314;DE;F;267;268;W;68;68;04:53:51;04:51:34;831
1312;1310;DE;M;1045;1043;M50;164;165;04:53:26;04:51:35;357
1313;1315;DE;F;268;269;W55;14;14;04:53:52;04:51:48;1775
1314;1320;DE;F;269;270;W60;7;7;04:54:05;04:51:51;1202
1315;1309;DE;F;270;267;W30;44;44;04:53:22;04:51:52;1474
1316;1312;DE;M;1046;1045;M;188;188;04:53:31;04:51:55;547
1317;1318;DE;M;1047;1049;M50;165;166;04:54:03;04:52:02;1328
1318;1307;DE;M;1048;1041;M50;166;164;04:53:06;04:52:08;1111
1319;1316;DE;M;1049;1047;M;189;190;04:53:54;04:52:13;809
1320;1313;DE;M;1050;1046;M;190;189;04:53:41;04:52:16;693
1320;1321;DE;M;1050;1051;M30;127;127;04:54:12;04:52:16;210
1322;1322;DE;F;271;271;W30;45;45;04:54:36;04:52:26;1239
1323;1323;DE;M;1052;1052;M30;128;128;04:54:38;04:52:28;1238
1324;1324;DE;M;1053;1053;M55;115;115;04:54:57;04:52:40;1802
1325;1330;DE;M;1054;1057;M35;133;133;04:55:32;04:52:50;2023
1326;1331;DE;M;1055;1058;M45;117;117;04:55:33;04:52:51;2019
1327;1328;DE;M;1056;1056;M60;53;53;04:55:18;04:52:54;702
1328;1328;DE;F;272;273;W50;26;26;04:55:18;04:52:59;330
1329;1325;DE;M;1057;1054;M55;116;116;04:55:12;04:53:00;2020
1330;1326;DE;F;273;272;W55;15;15;04:55:15;04:53:03;1408
1331;1335;DE;M;1058;1061;M80;1;1;04:55:53;04:53:15;1164
1332;1334;DE;M;1059;1060;M55;117;118;04:55:49;04:53:26;183
1333;1326;DE;M;1060;1055;M50;167;167;04:55:15;04:53:32;2071
1334;1336;DE;F;274;275;W;69;69;04:56:05;04:53:41;1573
1335;1337;DE;M;1061;1062;M45;118;118;04:56:09;04:53:44;1002
1336;1338;DE;F;275;276;W;70;70;04:56:15;04:53:53;1114
1337;1333;DE;M;1062;1059;M55;118;117;04:55:40;04:53:57;1439
1338;1340;DE;M;1063;1064;M;191;191;04:56:28;04:54:03;1343
1339;1332;DE;F;276;274;W40;27;27;04:55:36;04:54:16;970
1340;1339;DE;M;1064;1063;M30;129;129;04:56:26;04:55:10;1349
1341;1342;DE;M;1065;1066;M50;168;168;04:57:04;04:55:17;2130
1342;1341;DE;M;1066;1065;M40;128;128;04:56:41;04:55:32;1428
1343;1346;DE;M;1067;1070;M50;169;169;04:57:43;04:55:33;1591
1344;1347;DE;M;1068;1071;M60;54;54;04:57:49;04:55:36;1939
1345;1350;DE;M;1069;1074;M45;119;119;04:58:04;04:55:43;533
1346;1351;DE;M;1070;1075;M55;119;120;04:58:07;04:55:46;534
1347;1345;DE;M;1071;1069;M75;2;2;04:57:41;04:55:52;1945
1348;1351;DE;M;1072;1075;M55;120;120;04:58:07;04:56:02;639
1349;1354;DE;M;1073;1078;M45;120;121;04:58:32;04:56:09;232
1350;1348;DE;M;1074;1072;M;192;192;04:57:57;04:56:20;811
1351;1343;DE;M;1075;1067;M55;121;119;04:57:33;04:56:32;732
1352;1344;DE;M;1076;1068;M30;130;130;04:57:39;04:56:36;1028
1353;1349;DE;M;1077;1073;M30;131;131;04:58:02;04:56:39;350
1354;1356;DE;F;277;277;W50;27;27;04:58:36;04:57:08;1210
1355;1356;DE;F;278;277;W45;47;47;04:58:36;04:57:09;1809
1356;1362;DE;M;1078;1082;M;193;194;04:59:37;04:57:19;460
1357;1358;DE;F;279;279;W50;28;28;04:58:52;04:57:32;688
1358;1361;DE;F;280;280;W;71;71;04:59:35;04:57:39;1226
1359;1363;DE;F;281;281;W50;29;29;04:59:41;04:57:40;1744
1360;1365;DE;M;1079;1084;M;194;195;04:59:50;04:57:46;1495
1361;1370;DE;M;1080;1087;M70;6;6;05:00:23;04:57:48;1877
1362;1354;DE;M;1081;1078;M45;121;121;04:58:32;04:57:58;1463
1362;1364;NL;M;1081;1083;M50;170;170;04:59:43;04:57:58;1455
1362;1368;DE;M;1081;1085;M55;122;122;05:00:18;04:57:58;1900
1365;1360;DE;M;1084;1081;M65;22;22;04:59:33;04:58:00;1953
1366;1366;DE;F;282;282;W45;48;48;04:59:53;04:58:04;803
1366;1366;DE;F;282;282;W;72;72;04:59:53;04:58:04;804
1368;1353;DE;M;1085;1077;M45;122;120;04:58:25;04:58:09;121
1369;1371;AT;F;284;284;W55;16;16;05:00:34;04:58:28;2088
1370;1371;DE;F;285;284;W40;28;28;05:00:34;04:58:31;2086
1371;1359;DE;M;1086;1080;M;195;193;04:59:29;04:58:32;1521
1372;1376;DE;M;1087;1090;M65;23;23;05:00:58;04:58:35;300
1373;1377;DE;M;1088;1091;M45;123;123;05:00:59;04:58:36;1905
1374;1373;DE;M;1089;1088;M55;123;124;05:00:38;04:58:37;471
1375;1374;DE;M;1090;1089;M40;129;129;05:00:41;04:58:40;563
1376;1368;DE;M;1091;1085;M55;124;122;05:00:18;04:58:52;600
1377;1381;DE;M;1092;1093;M50;171;171;05:01:21;04:58:59;1806
1378;1375;DE;F;286;286;W50;30;30;05:00:48;04:59:02;933
1379;1378;DE;F;287;287;W30;46;46;05:01:10;04:59:14;1724
1380;1382;DE;M;1093;1094;M55;125;125;05:01:42;04:59:15;835
1381;1383;DE;M;1094;1095;M60;55;55;05:01:44;04:59:21;1595
1382;1380;DE;M;1095;1092;M45;124;124;05:01:18;04:59:22;373
1383;1379;DE;F;288;288;W30;47;47;05:01:14;04:59:56;625
1384;1385;DE;F;289;289;W55;17;17;05:02:34;05:00:08;833
1385;1386;DE;F;290;290;W35;37;37;05:02:35;05:00:39;1737
1386;1387;DE;M;1096;1097;M40;130;130;05:02:46;05:00:46;1353
1387;1384;NL;M;1097;1096;M60;56;56;05:01:46;05:00:50;1023
1388;1389;DE;M;1098;1099;M50;172;172;05:03:27;05:00:58;888
1389;1390;DE;M;1099;1100;M60;57;57;05:03:33;05:01:10;1820
1390;1388;DE;M;1100;1098;M45;125;125;05:03:15;05:01:29;308
1391;1391;DE;F;291;291;W65;4;4;05:05:59;05:03:32;1657
1392;1392;DE;M;1101;1101;M;196;196;05:06:02;05:03:57;1171
1393;1393;DE;M;1102;1102;M55;126;126;05:06:11;05:04:20;279
1394;1395;DE;M;1103;1104;M45;126;126;05:06:46;05:04:44;220
1395;1396;DE;M;1104;1105;M55;127;127;05:08:05;05:05:34;1835
1396;1394;DE;M;1105;1103;M65;24;24;05:06:37;05:05:43;966
1397;1397;DE;M;1106;1106;M;197;197;05:08:23;05:05:57;1055
1398;1398;DE;M;1107;1107;M55;128;128;05:08:48;05:06:30;166
1399;1399;DE;F;292;292;W40;29;29;05:09:11;05:06:44;1756
1400;1400;DE;M;1108;1108;M30;132;132;05:09:35;05:07:10;458
1400;1400;DE;M;1108;1108;M30;132;132;05:09:35;05:07:10;2079
1400;1400;;F;293;293;W30;48;48;05:09:35;05:07:10;2098
1403;1403;DE;M;1110;1110;M55;129;129;05:10:33;05:08:07;621
1404;1404;DE;F;294;294;W45;49;49;05:10:37;05:08:21;718
1405;1405;DE;F;295;295;W50;31;31;05:11:17;05:08:44;1622
1406;1406;DE;F;296;296;W35;38;38;05:12:13;05:09:52;160
1407;1407;DE;F;297;297;W40;30;30;05:12:15;05:09:54;747
1408;1408;NL;F;298;298;W60;8;8;05:12:53;05:10:33;901
1409;1410;DE;M;1111;1112;M65;25;25;05:12:58;05:10:35;1454
1410;1409;DE;M;1112;1111;M55;130;130;05:12:54;05:10:58;356
1411;1411;DE;F;299;299;W50;32;32;05:13:31;05:11:35;787
1412;1413;DE;M;1113;1114;M40;131;131;05:14:22;05:11:46;1244
1413;1416;DE;F;300;300;W55;18;18;05:14:35;05:12:01;1855
1414;1415;DE;M;1114;1116;M45;127;127;05:14:26;05:12:06;352
1415;1414;DE;M;1115;1115;M40;132;132;05:14:23;05:12:08;1874
1415;1417;DE;F;301;301;W40;31;31;05:14:40;05:12:08;1621
1417;1417;DE;F;302;301;W40;32;31;05:14:40;05:12:09;1629
1418;1419;DE;M;1116;1117;M;198;198;05:15:25;05:12:51;1606
1419;1420;DE;M;1117;1118;M55;131;132;05:15:57;05:13:25;1613
1420;1412;NL;M;1118;1113;M55;132;131;05:13:36;05:13:28;1963
1421;1423;DE;M;1119;1120;M35;134;134;05:17:06;05:14:37;420
1422;1424;DE;M;1120;1121;M35;135;135;05:17:13;05:14:43;1282
1423;1421;SK;F;303;303;W30;49;49;05:16:30;05:14:54;829
1423;1421;CA;M;1121;1119;M45;128;128;05:16:30;05:14:54;830
1425;1426;DE;F;304;304;W30;50;50;05:18:30;05:16:23;752
1426;1427;DE;M;1122;1123;M55;133;133;05:19:07;05:16:38;417
1427;1425;DE;M;1123;1122;M45;129;129;05:17:22;05:17:03;2205
1428;1428;DE;M;1124;1124;M30;134;134;05:19:22;05:17:19;805
1429;1431;DE;M;1125;1127;M;199;199;05:19:50;05:17:23;1117
1430;1432;DE;M;1126;1128;M35;136;138;05:20:20;05:17:57;1068
1431;1433;DE;M;1127;1129;M70;7;7;05:20:24;05:18:06;369
1432;1429;DE;M;1128;1125;M35;137;136;05:19:28;05:18:22;1430
1433;1430;DE;M;1129;1126;M35;138;137;05:19:29;05:18:23;1692
1434;1434;DE;M;1130;1130;M35;139;139;05:20:32;05:18:43;1863
1435;1437;DE;F;305;305;W30;51;51;05:21:08;05:19:15;942
1436;1435;NG;M;1131;1131;M40;133;133;05:20:41;05:19:32;1930
1436;1435;NG;M;1131;1131;M45;130;130;05:20:41;05:19:32;1544
1438;1438;DE;F;306;306;W;73;73;05:21:17;05:19:52;187
1439;1439;DE;M;1133;1133;M45;131;131;05:21:56;05:20:05;174
1440;1441;DE;F;307;307;W60;9;9;05:23:15;05:20:58;662
1441;1440;DE;M;1134;1134;M60;58;58;05:22:07;05:21:08;336
1442;1443;DE;M;1135;1136;M50;173;173;05:23:53;05:21:27;1314
1443;1442;DE;M;1136;1135;M40;134;134;05:23:26;05:21:29;2409
1444;1444;DE;M;1137;1137;M50;174;174;05:24:09;05:21:41;1674
1445;1447;DE;M;1138;1140;M55;134;134;05:24:41;05:22:09;503
1446;1447;DE;F;308;308;W60;10;10;05:24:41;05:22:10;1679
1447;1446;DE;M;1139;1139;M40;135;136;05:24:22;05:22:14;1381
1448;1445;NL;M;1140;1138;M40;136;135;05:24:15;05:22:34;1440
1449;1453;DE;M;1141;1145;M65;26;26;05:25:17;05:22:49;807
1450;1454;DE;M;1142;1146;M45;132;132;05:25:33;05:22:55;1342
1451;1449;DE;M;1143;1141;M;200;200;05:24:43;05:22:59;519
1452;1450;DE;M;1144;1142;M70;8;8;05:24:51;05:23:07;2013
1452;1450;DE;M;1144;1142;M60;59;59;05:24:51;05:23:07;61
1454;1452;DE;M;1146;1144;M70;9;9;05:24:53;05:23:10;59
1455;1455;DE;M;1147;1147;M40;137;137;05:25:47;05:23:17;794
1456;1456;DE;M;1148;1148;M55;135;135;05:26:08;05:23:37;1086
1457;1456;DE;M;1149;1148;M70;10;10;05:26:08;05:23:38;244
1458;1458;DE;M;1150;1150;M50;175;175;05:26:21;05:24:13;2051
1459;1459;DE;M;1151;1151;M60;60;60;05:26:31;05:24:30;851
1460;1461;DE;M;1152;1152;M60;61;61;05:28:02;05:25:30;2028
1461;1460;DE;F;309;309;W35;39;39;05:27:52;05:25:50;568
1462;1462;DE;M;1153;1153;M65;27;27;05:28:04;05:26:42;918
1463;1463;DE;M;1154;1154;M35;140;140;05:28:49;05:26:43;144
1464;1465;DE;M;1155;1156;M60;62;62;05:29:22;05:26:53;1443
1465;1466;DE;M;1156;1157;M50;176;176;05:29:32;05:27:10;1682
1465;1467;DE;M;1156;1158;M60;63;63;05:29:38;05:27:10;260
1467;1468;DE;F;310;310;W40;33;33;05:29:52;05:27:27;365
1468;1464;DE;M;1158;1155;M;201;201;05:28:57;05:27:56;1753
1469;1469;DE;F;311;311;W50;33;33;05:31:18;05:28:41;541
1470;1470;DE;M;1159;1159;M75;3;3;05:31:28;05:28:48;123
1471;1471;DE;M;1160;1160;M50;177;177;05:31:39;05:29:42;1938
1472;1472;DE;M;1161;1161;M45;133;133;05:31:40;05:29:47;666
1473;1473;DE;M;1162;1162;M60;64;64;05:32:49;05:31:01;110
1474;1474;DE;M;1163;1163;M55;136;136;05:33:58;05:31:39;1821
1475;1476;DE;M;1164;1165;M60;65;65;05:35:06;05:32:29;984
1476;1477;DE;M;1165;1166;M70;11;11;05:35:18;05:33:09;538
1477;1475;DE;M;1166;1164;M;202;202;05:34:57;05:33:51;1431
1478;1478;;F;312;312;W45;50;50;05:38:09;05:35:32;2093
1479;1479;DE;F;313;313;W35;40;40;05:38:23;05:36:00;689
1480;1480;DE;M;1167;1167;M55;137;137;05:38:39;05:36:14;112
1480;1481;DE;F;314;314;W55;19;19;05:38:40;05:36:14;113
1482;1482;DE;M;1168;1168;M70;12;12;05:39:33;05:36:59;221
1483;1483;DE;M;1169;1169;M55;138;138;05:40:36;05:38:45;1774
1484;1484;DE;M;1170;1170;M;203;203;05:42:10;05:40:20;1149
1485;1485;DE;F;315;315;W40;34;34;05:44:14;05:41:53;1410
1486;1486;DE;M;1171;1171;M45;134;134;05:44:39;05:42:03;1651
1487;1488;DE;M;1172;1173;M45;135;135;05:45:38;05:43:11;397
1488;1487;DE;M;1173;1172;M50;178;178;05:45:27;05:43:39;699
1489;1489;DE;M;1174;1174;M40;138;138;05:49:07;05:46:37;1315
1490;1490;DE;F;316;316;W30;52;52;05:51:51;05:49:15;1021
1490;1490;DE;M;1175;1175;M60;66;66;05:51:51;05:49:15;1493
1492;1490;GG;M;1176;1175;M55;139;139;05:51:51;05:49:17;766
1493;1490;DE;M;1177;1175;M55;140;139;05:51:51;05:49:18;317